URL;ACTIVE;NEW_URL
git.example.com/repos;;
hg.example.com/repos/;;
hg.example.com/repos/example/;;
http://*urbancodevelocity\_hostname*/reporting-;;
http://10.134.116.110:7990/rest/api/1.0;;
http://123.456.1.4:1128;;
http://127.0.0.1:8879/charts;;
http://192.0.2.1:8443;;
http://192.168.1.1:8081/artifactory;;
http://accuwork:8080/accurev/issue/``${depot}``/``${issueId;;
http://alm-help.saas.hpe.com/en/12.50/online_help/Content/api_guides_main_page.htm;;
http://ant.apache.org/manual/index.html;;
http://api.ng.bluemix.net;;
http://asperasoft.com/technology/transport/fasp/;;
http://aws.amazon.com/sdkforjava/;;
http://bugs.company.com/browse/``${issueId;;
http://checkstyle.sourceforge.net;;
http://coltrane-new.rtp.raleigh.ibm.com/ucdeploy/index.jsp;;
http://developer.ibm.com/urbancode/docs/frequently-asked-questions-ibm-urbancode-deploy-solutions-websphere-application-server/;;
http://developer.ibm.com/urbancode/plugin/tfs_scm-source-config/;;
http://developer.ibm.com/urbancode/plugin/tfs-source-config/;;
http://developer.ibm.com/urbancode/plugindoc/ibmucd/apple-xcode-plug/1-2/steps/#create_simulator;;
http://developer.ibm.com/urbancode/plugindoc/ibmucd/ibm-configure/1-2/example-processes/websphere-example-1-discover-templatize-configuration-data-was-nd-with-cluster/;;
http://developer.ibm.com/urbancode/plugindoc/ibmucd/ibm-configure/1-2/example-processes/websphere-example-10-discover-templatize-server-configuration-data/;;
http://developer.ibm.com/urbancode/plugindoc/ibmucd/ibm-configure/1-2/example-processes/websphere-example-11-discover-templatize-cluster-configuration-data/;;
http://developer.ibm.com/urbancode/plugindoc/ibmucd/ibm-configure/1-2/example-processes/websphere-example-4-discover-templatize-configuration-data-was-nd-with-cluster-no-multiplicity/;;
http://developer.ibm.com/urbancode/plugindoc/ibmucd/ibm-configure/1-2/example-processes/websphere-example-5-discover-templatize-cluster-configuration-data-only-multiplicity/;;
http://developer.ibm.com/urbancode/plugindoc/ibmucd/ibm-configure/1-2/example-processes/websphere-example-6-discover-templatize-cluster-configuration-data-only-no-multiplicity/;;
http://developer.ibm.com/urbancode/plugindoc/ibmucd/ibm-configure/1-2/example-processes/websphere-example-7-discover-templatize-configuration-data-was-nd-with-dynamic-cluster/;;
http://developer.ibm.com/urbancode/plugindoc/ibmucd/ibm-configure/1-2/example-processes/websphere-example-8-discover-templatize-cell-configuration-data/;;
http://developer.ibm.com/urbancode/plugindoc/ibmucd/ibm-configure/1-2/example-processes/websphere-example-9-discover-templatize-node-configuration-data/;;
http://developer.ibm.com/urbancode/plugindoc/ibmucd/ibm-mq-for-zos/1-2/ibm-mq-for-zos-generate-mqsc-commands-2/;;
http://developer.ibm.com/urbancode/plugindoc/ibmucd/iis-configuration/1-2/;;
http://docs.aws.amazon.com/AmazonECS/latest/developerguide/Welcome.html;;
http://docs.oracle.com/cd/E24329_01/web.1211/e24368/wldeploy.htm#WLPRG435;;
http://downloads.asperasoft.com/en/downloads/8?list;;
http://elementalselenium.com/tips/38-headless;;
http://example.server.com:8080;;
http://fortify.example.com:8080;;
http://hostname:8081;;
http://ibm-ucd.domain.com:8080;;
http://jazz\_server.example.com:port\_number/ccm/;;
http://localhost:3128;;
http://localhost:8080/manager/text;;
http://localhost:8081;;
http://localhost:8081/nexus;;
http://localhost:9300/p2pd/servlet/dispatch;;
http://myhost10:7001;;
http://pic.dhe.ibm.com/infocenter/clmhelp/v4r0/index.jsp?topic=/com.ibm.team.build.doc/topics/cbestpractices.html;;
http://pic.dhe.ibm.com/infocenter/clmhelp/v4r0/topic/com.ibm.jazz.repository.web.admin.doc/topics/c_configuring_oauth.html;;
http://pic.dhe.ibm.com/infocenter/clmhelp/v4r0/topic/com.ibm.team.workitem.doc/topics/t_finding_work_items_web.html;;
http://pic.dhe.ibm.com/infocenter/sr/v8r0/index.jsp;;
http://public.dhe.ibm.com/software/mobile-solutions/worklight/docs/v610/01_02_Setting_up_your_iOS_development_environment.pdf;;
http://public.dhe.ibm.com/software/mobile-solutions/worklight/docs/v610/11_01_Using_Rational_Team_Concert_to_build_your_applications.pdf;;
http://public.dhe.ibm.com/software/products/UrbanCode/plugins/ibmucd/WebSphereConfiguration/SampleApplications/WebSphereConfigurationExampleMigrationApplication.json;;
http://public.dhe.ibm.com/software/products/UrbanCode/plugins/ibmucd/WebSphereConfiguration/SampleApplications/WebSphereConfigurationExampleSnippetApplication.json;;
http://public.dhe.ibm.com/software/products/UrbanCode/plugins/ibmucd/WebSphereConfiguration/SampleProcesses/GenericProcessSample10.json;;
http://public.dhe.ibm.com/software/products/UrbanCode/plugins/ibmucd/WebSphereConfiguration/SampleProcesses/GenericProcessSample11.json;;
http://public.dhe.ibm.com/software/products/UrbanCode/plugins/ibmucd/WebSphereConfiguration/SampleProcesses/GenericProcessSample5.json;;
http://public.dhe.ibm.com/software/products/UrbanCode/plugins/ibmucd/WebSphereConfiguration/SampleProcesses/GenericProcessSample6.json;;
http://public.dhe.ibm.com/software/products/UrbanCode/plugins/ibmucd/WebSphereConfiguration/SampleProcesses/GenericProcessSample7.json;;
http://public.dhe.ibm.com/software/products/UrbanCode/plugins/ibmucd/WebSphereConfiguration/SampleProcesses/GenericProcessSample8.json;;
http://public.dhe.ibm.com/software/products/UrbanCode/plugins/ibmucd/WebSphereConfiguration/SampleProcesses/GenericProcessSample9.json;;
http://public.dhe.ibm.com/software/products/UrbanCode/plugins/ibmucd/WebSphereLiberty/SampleApplications/CreateCollectiveSampleApp.zip;;
http://rally\_server.example.com;;
http://rpm5.org/docs/rpm-guide.html;;
http://selenium-ide.openqa.org/profiles/test-case;;
http://SERVER:PORT/nexus/service/local/nuget/REPOSITORY_NAME/;;
http://SERVER:PORT/repository/REPOSITORY_NAME/;;
http://server.example.com:8081/artifactory;;
http://server.example.com/product/repository;;
http://sonarQubeHost:9000;;
http://tfs.domain.com:8080;;
http://tfs.example.com:8080/tfs;;
http://wiki.servicenow.com/index.php?title=Embedded:Encoded\_Query\_Strings;;
http://www-01.ibm.com/support/docview.wss?rs=1083&context=SSGMGV&q=&uid=swg1PI56706&loc=en_US&cs=utf-8&lang=en;;
http://www-01.ibm.com/support/docview.wss?uid=swg1PJ43978;;
http://www-01.ibm.com/support/docview.wss?uid=swg21242693;;
http://www-01.ibm.com/support/docview.wss?uid=swg21587193;;
http://www-01.ibm.com/support/docview.wss?uid=swg24042652;;
http://www-01.ibm.com/support/knowledgecenter/#!/SS8NMD_6.1.0/com.ibm.ucbuild.doc/topics/plugin_ch.html;;
http://www-01.ibm.com/support/knowledgecenter/#!/SS8NMD_6.1.1/com.ibm.ucbuild.doc/topics/plugin_ch.html;;
http://www-01.ibm.com/support/knowledgecenter/#!/SS8NMD_6.1.2/com.ibm.ucbuild.doc/topics/plugin_ch.html;;
http://www-01.ibm.com/support/knowledgecenter/api/content/SSZH4A_6.1.0/com.ibm.worklight.deploy.doc/devref/t_working_with_the_ibm_worklight1.html;;
http://www-01.ibm.com/support/knowledgecenter/SS4GCC_6.1.1/com.ibm.urelease.doc/topics/t_importingtoinitiatives.html?lang=en-;;
http://www-01.ibm.com/support/knowledgecenter/SS4GSP_6.1.0/com.ibm.udeploy.api.doc/topics/udclient_addversionfiles.html;;
http://www-01.ibm.com/support/knowledgecenter/SS4GSP_6.1.0/com.ibm.udeploy.api.doc/topics/udclient_createversion.html;;
http://www-01.ibm.com/support/knowledgecenter/SS4GSP_6.1.0/com.ibm.udeploy.doc/topics/app_processsteps_lock_acquire.html;;
http://www-01.ibm.com/support/knowledgecenter/SS4GSP_6.1.0/com.ibm.udeploy.doc/topics/app_processsteps_lock_release.html;;
http://www-01.ibm.com/support/knowledgecenter/SS4GSP_6.1.0/com.ibm.udeploy.doc/topics/comp_create_filesystem_versioned.html;;
http://www-01.ibm.com/support/knowledgecenter/SS4GSP_6.1.0/com.ibm.udeploy.doc/topics/comp_create_scm.html;;
http://www-01.ibm.com/support/knowledgecenter/SS4GSP_6.1.0/com.ibm.udeploy.doc/topics/deploying_zos.html;;
http://www-01.ibm.com/support/knowledgecenter/SS4GSP_6.1.0/com.ibm.udeploy.doc/topics/intro_component.html;;
http://www-01.ibm.com/support/knowledgecenter/SS4GSP_6.1.0/com.ibm.udeploy.doc/topics/zos_installing.html;;
http://www-01.ibm.com/support/knowledgecenter/SS4GSP_6.1.0/com.ibm.udeploy.install.doc/topics/install_ch.html;;
http://www-01.ibm.com/support/knowledgecenter/SS4GSP_6.1.0/com.ibm.udeploy.reference.doc/topics/cli_ch.html;;
http://www-01.ibm.com/support/knowledgecenter/SS4GSP_6.1.1/com.ibm.udeploy.doc/topics/comp_create.html;;
http://www-01.ibm.com/support/knowledgecenter/SS4GSP_6.1.1/com.ibm.udeploy.doc/topics/comp_properties.html;;
http://www-01.ibm.com/support/knowledgecenter/SS4GSP_6.1.1/com.ibm.udeploy.doc/topics/ud_properties_overview.html;;
http://www-01.ibm.com/support/knowledgecenter/SS4GSP_6.1.1/com.ibm.udeploy.install.doc/topics/agent_install_ov.html;;
http://www-01.ibm.com/support/knowledgecenter/SS4GSP_6.1.1/com.ibm.udeploy.install.doc/topics/install_ch.html;;
http://www-01.ibm.com/support/knowledgecenter/SS4GSP_6.1.2/com.ibm.udeploy.install.doc/topics/agent_install_winrs.html;;
http://www-01.ibm.com/support/knowledgecenter/SS4GSP_6.2.1/com.ibm.udeploy.doc/topics/comp_create.html;;
http://www-01.ibm.com/support/knowledgecenter/SS4GSP_6.2.1/com.ibm.udeploy.doc/topics/examples_websphere_import_cell.html;;
http://www-01.ibm.com/support/knowledgecenter/SS4GSP_6.2.1/com.ibm.udeploy.doc/topics/zos_installing_finish.html?lang=en;;
http://www-01.ibm.com/support/knowledgecenter/SS4GSP_7.0.2/com.ibm.udeploy.doc/topics/comp_create.html;;
http://www-01.ibm.com/support/knowledgecenter/SS4GSP_7.1.1/com.ibm.udeploy.doc/topics/comp_process_switch.html;;
http://www-01.ibm.com/support/knowledgecenter/SS4GSP_7.1.1/com.ibm.udeploy.doc/topics/comp_template_using.html;;
http://www-01.ibm.com/support/knowledgecenter/SS4GSP_7.1.1/com.ibm.udeploy.reference.doc/topics/cli_install.html;;
http://www-01.ibm.com/support/knowledgecenter/SS4GSP_7.2.0/com.ibm.udeploy.doc/topics/ud_properties_overview.html;;
http://www-01.ibm.com/support/knowledgecenter/SS4GSP/ucd_welcome.html;;
http://www-01.ibm.com/support/knowledgecenter/SSAW57_8.5.5/com.ibm.websphere.wlp.nd.doc/ae/twlp_admin_restconnector.html?cp=SSAW57_8.5.5%2F1-3-11-0-3-3-9-1&lang=en;;
http://www-01.ibm.com/support/knowledgecenter/SSBLQQ_8.6.0/com.ibm.rational.test.ft.doc/topics/ConfiguringAppsTesting.html;;
http://www-01.ibm.com/support/knowledgecenter/SSBLQQ_8.6.0/com.ibm.rational.test.ft.doc/topics/t_preparerft.html;;
http://www-01.ibm.com/support/knowledgecenter/SSBLQQ_8.7.0/com.ibm.rational.rtvs.ref.doc/topics/c_inst_rtvs_overview.html;;
http://www-01.ibm.com/support/knowledgecenter/SSBLQQ_8.7.0/com.ibm.rational.rtw.install.doc/topics/t_install_rit.html;;
http://www-01.ibm.com/support/knowledgecenter/SSCP65_4.0.3/com.ibm.team.scm.doc/topics/c_scm_cli.html;;
http://www-01.ibm.com/support/knowledgecenter/SSDV2W_1.8.5/com.ibm.silentinstall12.doc/topics/c_silent_response_files.html;;
http://www-01.ibm.com/support/knowledgecenter/SSDV2W_1.8.5/com.ibm.silentinstall12.doc/topics/r_repository_types.html;;
http://www-01.ibm.com/support/knowledgecenter/SSEPH2_13.1.0/com.ibm.ims13.doc.cr/imscmds/ims_updatepgm.htm;;
http://www-01.ibm.com/support/knowledgecenter/SSEPH2_13.1.0/com.ibm.ims13.doc.cr/imscmdsintro/ims_overview.htm;;
http://www-01.ibm.com/support/knowledgecenter/SSEPH2_13.1.0/com.ibm.ims13.doc.msgs/common/mc.htm;;
http://www-01.ibm.com/support/knowledgecenter/SSGMCP_5.2.0/com.ibm.cics.ts.doc/topics/reference_sysprog.html;;
http://www-01.ibm.com/support/knowledgecenter/SSGMCP_5.2.0/com.ibm.cics.ts.systemprogramming.doc/commands/dfha8_discardprogram.html;;
http://www-01.ibm.com/support/knowledgecenter/SSYMRC_4.0.5/com.ibm.team.build.doc/topics/r_ant-tasks.html;;
http://www-01.ibm.com/support/knowledgecenter/SSYMRC_4.0.5/com.ibm.team.build.doc/topics/t_build_overview.html;;
http://www-01.ibm.com/support/knowledgecenter/SSYMRC_4.0.5/com.ibm.team.build.doc/topics/t_build_overview.html?lang=en;;
http://www-01.ibm.com/support/knowledgecenter/SSZH4A_6.1.0/com.ibm.worklight.deploy.doc/admin/c_manually_configuring_app_server.html;;
http://www-01.ibm.com/support/knowledgecenter/SSZH4A_6.1.0/com.ibm.worklight.deploy.doc/admin/c_manually_configuring_databases.html;;
http://www-01.ibm.com/support/knowledgecenter/SSZH4A_6.1.0/com.ibm.worklight.deploy.doc/admin/r_protecting_ibm_worklight_console.html;;
http://www-01.ibm.com/support/knowledgecenter/SSZH4A_6.1.0/com.ibm.worklight.deploy.doc/deploy/c_config_dbs.html;;
http://www-01.ibm.com/support/knowledgecenter/SSZH4A_6.1.0/com.ibm.worklight.deploy.doc/deploy/c_deploy_custom_war_file_to_app_server.html;;
http://www-01.ibm.com/support/knowledgecenter/SSZH4A_6.1.0/com.ibm.worklight.deploy.doc/deploy/c_using_server_config_tool.html;;
http://www-01.ibm.com/support/knowledgecenter/SSZH4A_6.1.0/com.ibm.worklight.deploy.doc/devref/c_ant_tasks_configuring_multiple_wl_projects.html;;
http://www-01.ibm.com/support/knowledgecenter/SSZH4A_6.1.0/com.ibm.worklight.deploy.doc/devref/r_ant_tasks_configure_appserver.html;;
http://www-01.ibm.com/support/knowledgecenter/SSZH4A_6.1.0/com.ibm.worklight.deploy.doc/devref/r_ant_tasks_configure_dbs.html;;
http://www-01.ibm.com/support/knowledgecenter/SSZH4A_6.1.0/com.ibm.worklight.deploy.doc/devref/r_ant_tasks_deploy_projects.html;;
http://www-01.ibm.com/support/knowledgecenter/SSZH4A_6.1.0/com.ibm.worklight.deploy.doc/devref/r_ant_tasks_for_building.html;;
http://www-01.ibm.com/support/knowledgecenter/SSZH4A/welcome;;
http://www-03.ibm.com/systems/z/os/zos/features/sdsf/isflib.html;;
http://www-304.ibm.com/partnerworld/gsd/solutiondetails.do?solution=50447&lc=en&stateCd=P&tab=1;;
http://www-969.ibm.com/software/reports/compatibility/clarity/index.html;;
http://www.google.com;;
http://www.groovy-lang.org/;;
http://www.ibm.com/developerworks/rational/library/worklight-mobile-devops/index.html;;
http://www.ibm.com/software/reports/compatibility/clarity-reports/report/html/softwareReqsForProduct?deliverableId=2406E700824311E5AB634073CD75C1C8&duComponentIds=Miscellaneous_24267CF0824311E5AB634073CD75C1C8;;
http://www.ibm.com/support/docview.wss?uid=swg21451423;;
http://www.ibm.com/support/docview.wss?uid=swg21647372;;
http://www.ibm.com/support/docview.wss?uid=swg21660275;;
http://www.ibm.com/support/docview.wss?uid=swg21660290;;
http://www.ibm.com/support/docview.wss?uid=swg21660300;;
http://www.ibm.com/support/docview.wss?uid=swg2C1000185;;
http://www.ibm.com/support/knowledgecenter/SS4GCC_6.1.1/com.ibm.urelease.doc/topics/settings_plugins.html;;
http://www.ibm.com/support/knowledgecenter/SS4GCC_6.1.2/com.ibm.urelease.doc/topics/rtcintegrat_cpt.html;;
http://www.ibm.com/support/knowledgecenter/SS4GSP_6.1.0/com.ibm.udeploy.reference.doc/topics/ud_properties_using.html;;
http://www.ibm.com/support/knowledgecenter/SS4GSP_6.1.1/com.ibm.udeploy.doc/topics/comp_create_TFS_SCM.html;;
http://www.ibm.com/support/knowledgecenter/SS4GSP_6.1.1/com.ibm.udeploy.doc/topics/comp_create.html;;
http://www.ibm.com/support/knowledgecenter/SS4GSP_6.1.1/com.ibm.udeploy.doc/topics/comp_postProcess.html;;
http://www.ibm.com/support/knowledgecenter/SS4GSP_6.1.1/com.ibm.udeploy.doc/topics/comp_template.html;;
http://www.ibm.com/support/knowledgecenter/SS4GSP_6.1.1/com.ibm.udeploy.doc/topics/deploying_zos.html;;
http://www.ibm.com/support/knowledgecenter/SS4GSP_6.2.0/com.ibm.udeploy.doc/topics/deploying_zos.html;;
http://www.ibm.com/support/knowledgecenter/SS4GSP_6.2.0/com.ibm.udeploy.doc/topics/ud_properties_context.html;;
http://www.ibm.com/support/knowledgecenter/SS4GSP_6.2.0/com.ibm.udeploy.tutorial.doc/topics/quickstart_abstract.html;;
http://www.ibm.com/support/knowledgecenter/SS4GSP_6.2.0/com.ibm.udeploy.tutorial.doc/topics/webapp_abstract.html;;
http://www.ibm.com/support/knowledgecenter/SS4GSP_6.2.1/com.ibm.udeploy.doc/topics/resources_import_was.html;;
http://www.ibm.com/support/knowledgecenter/SS4GSP_6.2.2/com.ibm.udeploy.doc/topics/zos_shiplistfiles.html;;
http://www.ibm.com/support/knowledgecenter/SS4GSP_7.2.0/com.ibm.udeploy.doc/topics/ud_properties_overview.html;;
http://www.ibm.com/support/knowledgecenter/SS4GSP_7.2.0/com.ibm.udeploy.install.doc/topics/agentInstall.html;;
http://www.ibm.com/support/knowledgecenter/SS4GSP/ucd_welcome.html;;
http://www.ibm.com/support/knowledgecenter/SS8NMD_6.1.2/com.ibm.ucbuild.doc/topics/settings_project_repo_cpt.html;;
http://www.ibm.com/support/knowledgecenter/SSAW57_8.5.5/com.ibm.websphere.nd.doc/ae/txml_script.html;;
http://www.ibm.com/support/knowledgecenter/SSBLQQ_8.7.0/com.ibm.rational.rit.accessibility.doc/topics/c_rit_sup_test.html;;
http://www.ibm.com/support/knowledgecenter/SSBLQQ_8.7.0/com.ibm.rational.rtvs.ref.doc/topics/c_inst_rtvs_overview.html;;
http://www.ibm.com/support/knowledgecenter/SSBLQQ_8.7.0/com.ibm.rational.rtvs.ref.doc/topics/c_virtualization_overview.html;;
http://www.ibm.com/support/knowledgecenter/SSBLQQ/welcome;;
http://www.ibm.com/support/knowledgecenter/SSDV2W/;;
http://www.ibm.com/support/knowledgecenter/SSGMCP_5.3.0/com.ibm.cics.ts.applicationprogramming.doc/topics/cicsbt_overview.html;;
http://www.ibm.com/support/knowledgecenter/SSLTBW_2.1.0/com.ibm.zos.v2r1.icha400/cmdsyn.htm;;
http://www.ibm.com/support/knowledgecenter/SSMKHH_10.0.0/com.ibm.etools.mft.doc/au20102_.htm;;
http://www.ibm.com/systems/z/os/zos/tools/java/products/sdk71jcecca.html;;
http://www.seleniumhq.org/docs/02_selenium_ide.jsp;;
http://www.seleniumhq.org/download/;;
http://www.urbancode.com/plugin/zos-utility/;;
http://www.urbancode.com/resource/installing-plug-ins-in-urbancode-products/;;
http://www.w3.org/1999/xhtml;;
http://www.w3.org/TR/xhtml1/DTD/xhtml1-strict.dtd;;
http://xxxx/xxx.html;;
http://youtu.be/kHD46_kCvnI;;
http://youtu.be/kHD46\_kCvnI;;
https://:/reporting-consumer/integration;;
https://[server\_ip;;
https://{username}``:\*\*\*\*@{HTTPS\_GitHub\_Repo\_Address;;
https://{username}``.visualstudio.com/DefaultCollection;;
https://*[server\_ip;;
https://*CollectiveControllerHost*:9443/adminCenter;;
https://*targetHostName*:9444/HelloWorld/Hello;;
https://*targetHostName*:9445/HelloWorld/Hello;;
https://*targetHostName*:9446/HelloWorld/Hello;;
https://*url\_urbancodevelocity\_server;;
https:///pluginEndpoint//appscan/callback;;
https:///pluginEndpoint//asocScan;;
https:///pluginEndpoint//blackDuckScan;;
https:///pluginEndpoint//rtas/callback;;
https:///reporting-;;
https:///reporting-consumer/metrics;;
https://$velocityHost/reporting-consumer/integration;;
https://10.2.2.2:8443;;
https://192.0.2.0:8443;;
https://admhelp.microfocus.com/lr/en/12.60/help/WebHelp/Content/Controller/toc_running_scenarios.htm;;
https://ant.apache.org/manual/Tasks/copy.html;;
https://api-v2v3search-0.nuget.org;;
https://api.github.com;;
https://api.github.com/repos/ibm-datapower/datapower-configuration-manager;;
https://api.ng.bluemix.net;;
https://aws.amazon.com/cli/;;
https://bigfix-server:8080;;
https://bugs.company.com;;
https://bugs.company.com/browse/``${issueId;;
https://community.ibm.com/community/user/integration/communities/community-home?communitykey=9adfe6b6-2e23-4895-8b27-38b93b5e152c&tab=groupdetails;;
https://community.informatica.com/solutions/mapping_process_xml_data;;
https://confluence.jetbrains.com/display/TCD10/Configuring+Server+URL;;
https://console.ng.bluemix.net/docs/cli/index.html#downloads;;
https://console.ng.bluemix.net/docs/cli/reference/cfcommands/index.html;;
https://console.ng.bluemix.net/registration/;;
https://containers-api.ng.bluemix.net/v3;;
https://developer.ibm.com/answers/?community=urbancode;;
https://developer.ibm.com/answers/search.html?f=&type=question&redirect=search%2Fsearch&sort=relevance&q=%5Burbancode%5Dsybase;;
https://developer.ibm.com/answers/search.html?f=&type=question&redirect=search%2Fsearch&sort=relevance&q=isd+%5Burbancode%5D%5Bdeploy%5D%5Bplugins%5D;;
https://developer.ibm.com/answers/search.html?f=&type=question&redirect=search%2Fsearch&sort=relevance&q=loadrunner+%5Burbancode%5D%5Bdeploy%5D%5Bplugins%5D;;
https://developer.ibm.com/answers/search.html?f=&type=question&redirect=search%2Fsearch&sort=relevance&q=urbancode+%7C+deploy+%7C+plugins+%7C+microsoft+%7C+ssis;;
https://developer.ibm.com/answers/search.html?f=&type=question&redirect=search%2Fsearch&sort=relevance&q=urbancode+%7C+deploy+%7C+plugins+%7C+powershell;;
https://developer.ibm.com/answers/search.html?f=&type=question&redirect=search%2Fsearch&sort=relevance&q=urbancode+%7C+deploy+%7C+plugins+%7Cibm+integration+bus;;
https://developer.ibm.com/answers/search.html?f=&type=question&redirect=search%2Fsearch&sort=relevance&q=urbancode+%7C+release+%7C+plugins+%7C+xl+deploy;;
https://developer.ibm.com/answers/search.html?f=&type=question&redirect=search%2Fsearch&sort=relevance&smartspace=urbancode&q=%2B[deploy]+%2B[plugins]+%2B[biztalk]+%20%2B[urbancode;;
https://developer.ibm.com/answers/search.html?f=&type=question&redirect=search%2Fsearch&sort=relevance&smartspace=urbancode&q=%2B[deploy]+%2B[plugins]+%2B[wldeploy]+%20%2B[urbancode;;
https://developer.ibm.com/answers/search.html?f=&type=question&redirect=search%2Fsearch&sort=relevance&smartspace=urbancode&q=hp+quality+center%20%2B[urbancode;;
https://developer.ibm.com/answers/smart-spaces/23/urbancode.html;;
https://developer.ibm.com/datapower/docker/;;
https://developer.ibm.com/mainframe/products/zospt/;;
https://developer.ibm.com/mobilefirstplatform/;;
https://developer.ibm.com/urbancode/2013/12/06/ibm-urbancode-deploy-integration-rational-team-concert-build/;;
https://developer.ibm.com/urbancode/2015/09/18/continuous-integration-with-urbancode-deploy-and-ibm-business-process-server/;;
https://developer.ibm.com/urbancode/2016/03/21/docker-deployments-for-the-enterprise/;;
https://developer.ibm.com/urbancode/2016/11/23/docker-compose-deployments-enterprise/;;
https://developer.ibm.com/urbancode/2017/05/02/salesforce-integration-ibm-urbancode-deploy/;;
https://developer.ibm.com/urbancode/2017/08/02/ibm-operational-decision-manager-odm-urbancode-deploy/;;
https://developer.ibm.com/urbancode/2017/08/31/orchestrating-deployments-servicenow-urbancode-deploy/;;
https://developer.ibm.com/urbancode/2017/12/01/auto-discovery-weblogic/;;
https://developer.ibm.com/urbancode/docs/creating-versions-without-a-build-or-ci-tool/;;
https://developer.ibm.com/urbancode/docs/getting-started-ibm-urbancode-deploy-containers/;;
https://developer.ibm.com/urbancode/plugin/cloud-foundry-ibm-containers/;;
https://developer.ibm.com/urbancode/plugin/dockersourceconfig-ibmucd/;;
https://developer.ibm.com/urbancode/plugin/file-system-versioned-ibmucd;;
https://developer.ibm.com/urbancode/plugin/ibm-operational-decision-manager-source-config/;;
https://developer.ibm.com/urbancode/plugin/maven-ibmucd/;;
https://developer.ibm.com/urbancode/plugin/microsoft-visual-studio-team-services-vsts/;;
https://developer.ibm.com/urbancode/plugin/nexus-source-config/;;
https://developer.ibm.com/urbancode/plugin/oracle-weblogic-scripting-tool-wlst/;;
https://developer.ibm.com/urbancode/plugin/shell-ibmucd/;;
https://developer.ibm.com/urbancode/plugin/websphere-application-server-deployment/;;
https://developer.ibm.com/urbancode/plugin/wldeploy/;;
https://developer.ibm.com/urbancode/plugindoc/ibmucd/apple-xcode-plug/1-2/;;
https://developer.ibm.com/urbancode/plugindoc/ibmucd/apple-xcode-plug/1-2/steps/#delete_simulator;;
https://developer.ibm.com/urbancode/plugindoc/ibmucd/apple-xcode-plug/1-2/steps/#install_application;;
https://developer.ibm.com/urbancode/plugindoc/ibmucd/apple-xcode-plug/1-2/steps/#remove_application;;
https://developer.ibm.com/urbancode/plugindoc/ibmucd/apple-xcode-plug/1-2/steps/#start_simulator;;
https://developer.ibm.com/urbancode/plugindoc/ibmucd/apple-xcode-plug/1-2/steps/#stop_simulator;;
https://developer.ibm.com/urbancode/plugindoc/ibmucd/apple-xcode-plug/1-2/steps/#ui_test;;
https://developer.ibm.com/urbancode/plugindoc/ibmucd/apple-xcode-plug/1-2/steps/#unit_test;;
https://developer.ibm.com/urbancode/plugindoc/ibmucd/apple-xcode-plug/1-2/steps/#xcrun;;
https://developer.ibm.com/urbancode/plugindoc/ibmucd/cloud-foundry/14-2/troubleshooting/;;
https://developer.ibm.com/urbancode/plugindoc/ibmucd/ibm-api-connect/1-2/troubleshooting/;;
https://developer.ibm.com/urbancode/plugindoc/ibmucd/informatica-plugin-in-documentation-home-page/1-2/;;
https://developer.ibm.com/urbancode/plugindoc/ibmucd/oracle-service-bus-configuration-management/1-2/;;
https://developer.ibm.com/urbancode/plugindoc/ibmucd/resource-management-weblogic-server/2-554520/steps/;;
https://developer.ibm.com/urbancode/plugindoc/ibmucd/sv-ucd/1-1/stepssv/#create_transient_environment;;
https://developer.ibm.com/urbancode/plugindoc/ibmucd/sv-ucd/1-1/stepssv/#delete_transient_environment;;
https://developer.ibm.com/urbancode/plugindoc/ibmucd/sv-ucd/1-1/stepssv/#start_scenario;;
https://developer.ibm.com/urbancode/plugindoc/ibmucd/sv-ucd/1-1/stepssv/#start_stub;;
https://developer.ibm.com/urbancode/plugindoc/ibmucd/sv-ucd/1-1/stepssv/#stop_scenario;;
https://developer.ibm.com/urbancode/plugindoc/ibmucd/sv-ucd/1-1/stepssv/#stop_stub;;
https://developer.ibm.com/urbancode/plugindoc/ibmucd/sv-ucd/1-1/stepssv/#update_transient_environment;;
https://developer.ibm.com/urbancode/plugindoc/ibmucd/websphere-mq/2-528233/steps/;;
https://developer.ibm.com/urbancode/plugindoc/ibmucd/zos-utility-plug/1-2/usage/;;
https://developer.ibm.com/urbancode/products/urbancode-deploy/;;
https://devops.hcldoc.com/launch/7.1.2/#com.udeploy.doc/topics/comp_create/;;
https://docs.atlassian.com/jira/REST/latest/;;
https://docs.docker.com/;;
https://docs.microsoft.com/en-us/nuget/api/overview;;
https://docs.openshift.com/container-platform/3.11/dev_guide/application_lifecycle/new_app.html;;
https://docs.openshift.com/enterprise/3.1/cli_reference/get_started_cli.html;;
https://docs.oracle.com/cd/E29542_01/web.1111/e13715/toc.htm;;
https://docs.sonarqube.org/latest/project-administration/webhooks/;;
https://downloadtutorials.net;;
https://dzone.com/articles/headless-execution-of-selenium-tests-in-jenkins;;
https://eval.conjur.org;;
https://event.on24.com/eventRegistration/EventLobbyServlet?target=reg20.jsp&referrer=&eventid=1457384&sessionid=1&key=B964DE08F3C2EEC28B45B7633953679E&regTag=&sourcepage=register;;
https://example.com:8443;;
https://example.com/charts/nginx-1.2.3.tgz;;
https://f5.example.com:8443;;
https://git.example.com/myproject.git;;
https://git.example.com/repos;;
https://github.com/Actifio/act-ucd-plugin;;
https://github.com/Actifio/act-ucd-plugin/releases;;
https://github.com/Actifio/urbancode-plug-in/issues;;
https://github.com/Actifio/vdp-ucd-plugin;;
https://github.com/Actifio/vdp-ucd-plugin/issues;;
https://github.com/Actifio/vdp-ucd-plugin/releases;;
https://github.com/cloudfoundry/cli;;
https://github.com/cloudfoundry/cli/releases;;
https://github.com/cyberark/urbancode-conjur-aim/issues;;
https://github.com/heroku/heroku-buildpack-play.git;;
https://github.com/ibm-cloud-architecture/refarch-hybridcloud-blueportal-api;;
https://github.com/ibm-datapower/datapower-configuration-manager;;
https://github.com/ibm-datapower/datapower-configuration-manager/wiki;;
https://github.com/IBM-UrbanCode/CA-Workload-Automation-AE-UCD;;
https://github.com/IBM-UrbanCode/CA-Workload-Automation-AE-UCD/issues;;
https://github.com/IBM-UrbanCode/Cloud-Foundry-UCD;;
https://github.com/IBM-UrbanCode/DaticalDB-UCD-UCB;;
https://github.com/IBM-UrbanCode/DaticalDB-UCD-UCB/issues;;
https://github.com/IBM-UrbanCode/DaticalDB-UCD-UCB/releases;;
https://github.com/IBM-UrbanCode/IBM-API-Connect-UCD;;
https://github.com/IBM-UrbanCode/IBM-API-Connect-UCD/issues;;
https://github.com/IBM-UrbanCode/IBM-Installation-Manager-UCD;;
https://github.com/IBM-UrbanCode/IBM-Installation-Manager-UCD/releases;;
https://github.com/IBM-UrbanCode/IBM-Integration-Bus-UCD;;
https://github.com/IBM-UrbanCode/IBM-Integration-Bus-UCD/issues;;
https://github.com/IBM-UrbanCode/IBM-MQ-zOS-UCD;;
https://github.com/IBM-UrbanCode/IBM-MQ-zOS-UCD/blob/master/doc/white_paper/IBM%20MQ%20for%20zOS%20Generate%20MQSC%20Commands.pdf;;
https://github.com/IBM-UrbanCode/IBM-MQ-zOS-UCD/issues;;
https://github.com/IBM-UrbanCode/IBM-MQ-zOS-UCD/releases;;
https://github.com/IBM-UrbanCode/IBM-MQ-zOS-UCD/tree/master/doc;;
https://github.com/IBM-UrbanCode/Informatica-UCD;;
https://github.com/IBM-UrbanCode/LogiGear-TestArchitect-UCB-UCD;;
https://github.com/IBM-UrbanCode/LogiGear-TestArchitect-UCB-UCD/issues;;
https://github.com/IBM-UrbanCode/LogiGear-TestArchitect-UCB-UCD/releases;;
https://github.com/IBM-UrbanCode/Resource-Utilities-UCD;;
https://github.com/IBM-UrbanCode/Resource-Utilities-UCD/issues;;
https://github.com/IBM-UrbanCode/Resource-Utilities-UCD/tree/master/doc;;
https://github.com/IBM-UrbanCode/SAP-CTS;;
https://github.com/IBM-UrbanCode/SAP-CTS/issues;;
https://github.com/IBM-UrbanCode/Templates-UCD;;
https://github.com/PowerShell/PowerShell/issues/11461;;
https://github.com/PowerShell/PowerShell/issues/9185;;
https://github.com/PowerShell/PowerShell/pull/10840;;
https://github.com/UrbanCode/7-Zip-UCD;;
https://github.com/UrbanCode/7-Zip-UCD/issues;;
https://github.com/UrbanCode/7-Zip-UCD/releases;;
https://github.com/UrbanCode/7-Zip-UCD/tree/master/doc;;
https://github.com/UrbanCode/AirWatch-UCD;;
https://github.com/UrbanCode/AirWatch-UCD/issues;;
https://github.com/UrbanCode/AirWatch-UCD/releases;;
https://github.com/UrbanCode/Ansible-Toolkit-UCD;;
https://github.com/UrbanCode/Ansible-Toolkit-UCD/issues;;
https://github.com/UrbanCode/Ansible-Toolkit-UCD/releases;;
https://github.com/UrbanCode/Apple-Xcode-UCD;;
https://github.com/UrbanCode/Apple-Xcode-UCD/issues;;
https://github.com/UrbanCode/Apple-Xcode-UCD/releases;;
https://github.com/UrbanCode/AWS-Lambda-UCD;;
https://github.com/UrbanCode/AWS-Lambda-UCD/issues;;
https://github.com/UrbanCode/Box-UCD;;
https://github.com/UrbanCode/Box-UCD/issues;;
https://github.com/UrbanCode/Box-UCD/releases;;
https://github.com/UrbanCode/Git-Install-UCD;;
https://github.com/UrbanCode/Git-Install-UCD/issues;;
https://github.com/UrbanCode/Git-Install-UCD/releases;;
https://github.com/UrbanCode/IBM-MaaS360-UCD;;
https://github.com/UrbanCode/IBM-MaaS360-UCD/issues;;
https://github.com/UrbanCode/IBM-MaaS360-UCD/releases;;
https://github.com/UrbanCode/IBM-MaaS360-UCD/tree/master/doc;;
https://github.com/UrbanCode/IBM-Sterling-B2B-Integrator-UCD;;
https://github.com/UrbanCode/IBM-Sterling-B2B-Integrator-UCD/issues;;
https://github.com/UrbanCode/IBM-Sterling-B2B-Integrator-UCD/releases;;
https://github.com/UrbanCode/IBM-Workload-Automation-UCD;;
https://github.com/UrbanCode/IBM-Workload-Automation-UCD/issues;;
https://github.com/UrbanCode/IBM-Workload-Automation-UCD/releases;;
https://github.com/UrbanCode/IBM-Workload-Automation-UCD/tree/master/doc;;
https://github.com/UrbanCode/Informatica-UCD;;
https://github.com/UrbanCode/Informatica-UCD/issues;;
https://github.com/UrbanCode/Informatica-UCD/releases;;
https://github.com/UrbanCode/JBoss-ON-UCD;;
https://github.com/UrbanCode/JBoss-ON-UCD/issues;;
https://github.com/UrbanCode/JBoss-ON-UCD/releases;;
https://github.com/UrbanCode/Liquibase-UCD;;
https://github.com/UrbanCode/Liquibase-UCD/issues;;
https://github.com/UrbanCode/Liquibase-UCD/releases;;
https://github.com/UrbanCode/Liquibase-UCD/tree/master/doc;;
https://github.com/UrbanCode/LogiGear-TestArchitect-UCB-UCD;;
https://github.com/UrbanCode/LogiGear-TestArchitect-UCB-UCD/issues;;
https://github.com/UrbanCode/LogiGear-TestArchitect-UCB-UCD/releases;;
https://github.com/UrbanCode/New-Relic-UCD;;
https://github.com/UrbanCode/New-Relic-UCD/issues;;
https://github.com/UrbanCode/New-Relic-UCD/releases;;
https://github.com/UrbanCode/New-Relic-UCD/tree/master/doc;;
https://github.com/UrbanCode/Node-RED-UCD;;
https://github.com/UrbanCode/Node-RED-UCD/issues;;
https://github.com/UrbanCode/Node-RED-UCD/releases;;
https://github.com/UrbanCode/Node.js-UCD;;
https://github.com/UrbanCode/Node.js-UCD/issues;;
https://github.com/UrbanCode/Node.js-UCD/releases;;
https://github.com/UrbanCode/Property-Utils-UCD;;
https://github.com/UrbanCode/Property-Utils-UCD/issues;;
https://github.com/UrbanCode/Property-Utils-UCD/releases;;
https://github.com/UrbanCode/Puppet-UCD;;
https://github.com/UrbanCode/Puppet-UCD/issues;;
https://github.com/UrbanCode/Puppet-UCD/releases;;
https://github.com/UrbanCode/Siebel-UCD;;
https://github.com/UrbanCode/Siebel-UCD/issues;;
https://github.com/UrbanCode/Siebel-UCD/releases;;
https://github.com/UrbanCode/Siebel-UCD/tree/master/doc;;
https://github.com/UrbanCode/Slack-UCD;;
https://github.com/UrbanCode/Slack-UCD/blob/master/doc/IBM%20UrbanCode%20Deploy%20Slack%20Plugin.odt?raw=true;;
https://github.com/UrbanCode/Slack-UCD/issues;;
https://github.com/UrbanCode/Slack-UCD/releases;;
https://github.com/UrbanCode/Templates-UCD;;
https://github.com/UrbanCode/Text-Util-UCD/issues;;
https://github.com/UrbanCode/Text-Utils-UCD;;
https://github.com/UrbanCode/Text-Utils-UCD/releases;;
https://github.com/UrbanCode/Venafi-UCD;;
https://github.com/UrbanCode/Venafi-UCD/blob/master/Doc/UrbanCodeVenafiPlugin.pdf;;
https://github.com/UrbanCode/Venafi-UCD/issues;;
https://gitlab.com;;
https://gitlab.com/profile/personal\_access\_tokens;;
https://guides.sonatype.com/repo3/technical-guides/secure-docker-registries/;;
https://help.octopus.com/t/deploy-windows-powershell-is-in-noninteractive-mode/1313;;
https://help.rallydev.com/;;
https://help.sonatype.com/repomanager3/rest-and-integration-api/search-api;;
https://hg.example.com/repos/example/or;;
https://hg.example.com/repos/or;;
https://hooks.slack.com/services/xxxx;;
https://hostname:9443/qm;;
https://hub.docker.com/r/urbancode/ucv-;;
https://hub.docker.com/r/urbancode/ucv-ext-;;
https://hub.docker.com/r/urbancode/ucv-ext-agility/tags;;
https://hub.docker.com/r/urbancode/ucv-ext-appscan/tags;;
https://hub.docker.com/r/urbancode/ucv-ext-asoc/tags;;
https://hub.docker.com/r/urbancode/ucv-ext-azure/tags;;
https://hub.docker.com/r/urbancode/ucv-ext-bitbucket-server/tags;;
https://hub.docker.com/r/urbancode/ucv-ext-blackduck/tags;;
https://hub.docker.com/r/urbancode/ucv-ext-coverage-core/tags;;
https://hub.docker.com/r/urbancode/ucv-ext-cucumber/tags;;
https://hub.docker.com/r/urbancode/ucv-ext-ewm/tags;;
https://hub.docker.com/r/urbancode/ucv-ext-gitlab/tags;;
https://hub.docker.com/r/urbancode/ucv-ext-handlebars-reporter;;
https://hub.docker.com/r/urbancode/ucv-ext-jira/tags;;
https://hub.docker.com/r/urbancode/ucv-ext-jmeter/tags;;
https://hub.docker.com/r/urbancode/ucv-ext-junit/tags;;
https://hub.docker.com/r/urbancode/ucv-ext-onetest-server/tags;;
https://hub.docker.com/r/urbancode/ucv-ext-onetest/tags;;
https://hub.docker.com/r/urbancode/ucv-ext-rally/tags;;
https://hub.docker.com/r/urbancode/ucv-ext-rtas/tags;;
https://hub.docker.com/r/urbancode/ucv-ext-servicenow/tags;;
https://hub.docker.com/r/urbancode/ucv-ext-sonarqube/tags;;
https://hub.docker.com/r/urbancode/ucv-ext-testng/tags;;
https://hub.docker.com/r/urbancode/ucv-ext-twistlock/tags;;
https://hub.docker.com/r/urbancode/ucv-ext-versionone/tags;;
https://hub.jazz.net/project/pquiring/ucddockerplugins/overview;;
https://ibmbpm:9443;;
https://index.docker.io/v1;;
https://index.docker.io/v1/;;
https://IP\_ADDRESS:PORT/nexus;;
https://jazz.net/downloads/rational-quality-manager/;;
https://jazz.net/help-dev/clm/index.jsp?topic=%2Fcom.ibm.rational.test.qm.doc%2Ftopics%2Fc_rqm_logfiles_loc.html;;
https://jazz.net/library/article/1480;;
https://jazz.net/library/article/620;;
https://jazz.net/wiki/bin/view/Main/ResourceOrientedWorkItemAPIv2#Attributes;;
https://jazz.net/wiki/bin/view/Main/RQMExecutionTool;;
https://jazz.net/wiki/bin/view/Main/RQMURLUtility;;
https://jfrog.com/artifactory/;;
https://localhost:8081/nexus;;
https://localhost:8443;;
https://localhost/;;
https://localhost/zosmf;;
https://mediacenter.ibm.com/media/Component+Templates+in+IBM+UrbanCode+Deploy+v6.0/0_m7rucqyz;;
https://mesosphere.github.io/marathon/docs/rest-api.html#post-/v2/apps;;
https://my-artifactory-server.com:8443/artifactoy/api/docker/central-it-docbuild-docker;;
https://my.server.com:4516;;
https://myaccount.service-now.com;;
https://mycompany.example.com:9443/jazz;;
https://myserver:9443/jazz;;
https://myUrbanCodeServer:8443/#applicationProcess/6916dd6f-d061-4c07-9071-2db64bcaaa29;;
https://na17.salesforce.com;;
https://new-console.ng.bluemix.net/apis/apiconnect;;
https://ogcontosbooks.scm.azurewebsites.net/msdeploy.axd',UserName='$OGContosBooks',Password='************************************************************',IncludeAcls='False',AuthType='Basic;;
https://plugins.jenkins.io/urbancode-velocity;;
https://poc79.blackduck.synopsys.com;;
https://portal.azure.com/;;
https://rally1.rallydev.com;;
https://regexr.com;;
https://registry.npmjs.org/;;
https://ScalingAPI.ng.bluemix.net;;
https://server.com/ccm;;
https://stackoverflow.com/questions/16580723/powershell-in-noninteractive-mode;;
https://stackoverflow.com/questions/42481761/system-management-automation-exitexception-system-error-in-powershell-studio;;
https://stackoverflow.com/questions/50200325/returning-an-exit-code-from-a-powershell-script;;
https://stackoverflow.com/questions/57032747/how-to-change-powershell-mode-to-fulllanguage-mode-from-constrained-mode;;
https://stackoverflow.com/questions/58582692/why-system-error-stopupstreamcommandsexception-is-raised-only-from-inside-invok;;
https://supportline.microfocus.com/Documentation/books/AccuRev/AccuRev/7.0.1/accurev-701-cliusersguide-en.pdf;;
https://technet.microsoft.com/en-us/library/hh847796.aspx;;
https://tp-;;
https://tp-cicd2.nonprod.hclpnp.com;;
https://trial.rallydev.com;;
https://ucv.domain.com:8444;;
https://url_urbancodevelocity_server;;
https://wiki.servicenow.com/index.php?title=REST_API#REST_Response_HTTP_Status_Codes;;
https://wiki.servicenow.com/index.php?title=REST_API#Table_Access;;
https://www-01.ibm.com/support/docview.wss?uid=swg22015122;;
https://www-01.ibm.com/support/knowledgecenter/#!/SS4GSP_6.2.0/com.ibm.edt.doc/topics/cloud_connect_amazon_server.html;;
https://www-01.ibm.com/support/knowledgecenter/SSGMCP_5.2.0/com.ibm.cics.ts.doc/dfht5/topics/dfht560.html;;
https://www.frendx.com/firmware/;;
https://www.ibm.com/developerworks/community/forums/html/forum?id=11111111-0000-0000-0000-000000002724;;
https://www.ibm.com/developerworks/data/library/techarticle/dm-0503melnyk/;;
https://www.ibm.com/developerworks/library/d-perform-complex-tasks-uCommand-trs/index.html;;
https://www.ibm.com/docs/en/urbancode-deploy/7.1.2?topic=tutorials-deploying-simple-web-application;;
https://www.ibm.com/docs/en/urbancode-deploy/7.2.1?topic=integrating-deploying-components-zos-platform;;
https://www.ibm.com/docs/en/urbancode-deploy/7.2.2?topic=SS4GSP_7.2.2/com.ibm.udeploy.install.doc/topics/zos_using_job_monitor.html;;
https://www.ibm.com/support/docview.wss?uid=swg1PK70783;;
https://www.ibm.com/support/knowledgecenter/en/SS4GSP_6.2.6/com.ibm.udeploy.install.doc/topics/agent_install_ov.html;;
https://www.ibm.com/support/knowledgecenter/en/SS4GSP_7.0.4/com.ibm.udeploy.doc/topics/zos_runtools.html;;
https://www.ibm.com/support/knowledgecenter/en/SS4GSP_7.2.0/com.ibm.udeploy.api.doc/topics/udclient_requestapplicationprocess.html;;
https://www.ibm.com/support/knowledgecenter/en/SS4GSP_7.2.0/com.ibm.udeploy.reference.doc/topics/cli_ch.html;;
https://www.ibm.com/support/knowledgecenter/en/SSAW57_9.0.0/com.ibm.websphere.nd.multiplatform.doc/ae/rsec_adminroles.html;;
https://www.ibm.com/support/knowledgecenter/en/SSCTJ4_5.2.1/com.ibm.casemgmt.design.doc/acmac024.htm;;
https://www.ibm.com/support/knowledgecenter/en/SSMKHH_10.0.0/com.ibm.etools.mft.doc/bp43520_.htm;;
https://www.ibm.com/support/knowledgecenter/SS4GSP_6.1.3/com.ibm.udeploy.tutorial.doc/topics/webapp_component_processes.html;;
https://www.ibm.com/support/knowledgecenter/SS4GSP_6.2.0/com.ibm.udeploy.doc/topics/comp_create.html;;
https://www.ibm.com/support/knowledgecenter/SS4GSP_6.2.2/com.ibm.udeploy.doc/topics/resources_agentPools.html;;
https://www.ibm.com/support/knowledgecenter/SS4GSP_6.2.4/com.ibm.udeploy.doc/topics/jre_change_agent.html;;
https://www.ibm.com/support/knowledgecenter/SS4GSP_6.2.7/com.ibm.udeploy.api.doc/topics/rest_cli_application_createapplicationfromtemplate_put.html;;
https://www.ibm.com/support/knowledgecenter/SS4GSP_6.2.7/com.ibm.udeploy.api.doc/topics/rest_cli_component_create_put.html;;
https://www.ibm.com/support/knowledgecenter/SS4GSP_6.2.7/com.ibm.udeploy.api.doc/topics/rest_cli_environment_createenvironment_put.html;;
https://www.ibm.com/support/knowledgecenter/SS4GSP_6.2.7/com.ibm.udeploy.api.doc/topics/rest_cli_environment_createenvironmentfromtemplate_put.html;;
https://www.ibm.com/support/knowledgecenter/SS4GSP_6.2.7/com.ibm.udeploy.api.doc/topics/rest_cli_resource_create_put.html;;
https://www.ibm.com/support/knowledgecenter/SS4GSP_7.0.1/com.ibm.udeploy.api.doc/topics/udclient_addversionfiles.html;;
https://www.ibm.com/support/knowledgecenter/SS4GSP_7.1.1/com.ibm.udeploy.doc/topics/comp_template.html;;
https://www.ibm.com/support/knowledgecenter/SS4GSP_7.2.0/com.ibm.udeploy.doc/topics/comp_ch.html;;
https://www.ibm.com/support/knowledgecenter/SSAW57_8.5.5/com.ibm.websphere.nd.doc/ae/txml_script.html;;
https://www.ibm.com/support/knowledgecenter/SSCTJ4_5.2.1/com.ibm.casemgmt.design.doc/acmac003.htm;;
https://www.ibm.com/support/knowledgecenter/SSFPJS_8.5.5/com.ibm.wbpm.admin.doc/topics/managing_process_applications_E.html;;
https://www.ibm.com/support/knowledgecenter/SSFTBX_8.5.7/com.ibm.wbpm.ref.doc/topics/rref_bpmexport.html;;
https://www.ibm.com/support/knowledgecenter/SSFTBX_8.5.7/com.ibm.wbpm.ref.doc/topics/rref_bpmimport.html;;
https://www.ibm.com/support/knowledgecenter/SSGMCP_5.4.0/configuring/cmci/clientapi_setup.html;;
https://www.ibm.com/support/knowledgecenter/SSHRKX_8.5.0/mp/properties/wkplc_comp-dita.html;;
https://www.ibm.com/support/knowledgecenter/SSHRKX_8.5.0/mp/properties/wkplc-dita.html;;
https://www.ibm.com/support/knowledgecenter/SSMKHH_10.0.0/com.ibm.etools.mft.doc/be43410_.htm;;
https://www.ibm.com/support/knowledgecenter/SSMNED_5.0.0/com.ibm.apic.toolkit.doc/tapim_cli_install.html;;
https://www.ibm.com/support/knowledgecenter/SSMNED_5.0.0/com.ibm.apic.toolkit.doc/tutorial_cli_project_create.html?cp=SSMNED_5.0.0%2F1-2-0-1-0&lang=en;;
https://www.ibm.com/support/knowledgecenter/SSMNED_5.0.0/com.ibm.apic.toolkit.doc/tutorial_cli_project_stage_command.html?cp=SSMNED_5.0.0%2F1-2-0-1-4&lang=en;;
https://www.ibm.com/support/knowledgecenter/SSUS84;;
https://www.ibm.com/support/knowledgecenter/SSZH4A_6.1.0/com.ibm.worklight.deploy.doc/devref/r_ant_tasks_buld_deploy_adapters.html;;
https://www.ibm.com/systems/z/os/zos/features/zosmf/;;
https://www.jfrog.com/confluence/display/RTF/Configuring+a+Reverse+Proxy;;
https://www.mycompany.com:9443/jazz;;
https://www.onlinefreecourse.net;;
https://www.script-stack.com;;
https://www.slideshare.net/JaredPutman1/ibm-datapower-gateways-devops-with-urbancode-deploy;;
https://www.sonatype.com/product-nexus-repository;;
https://www.themebanks.com;;
https://www.thememazing.com;;
https://www.themeslide.com;;
https://www.thewpclub.net;;
https://www.urbancode.com/?post_type=resource&p=1005929&preview=true;;
https://www.urbancode.com/2015/09/18/continuous-integration-with-urbancode-deploy-and-ibm-business-process-server/;;
https://www.urbancode.com/2016/10/03/managing-websphere-configurations-json-snippets-two-approaches/;;
https://www.urbancode.com/2016/12/07/creating-configuration-snippets/;;
https://www.urbancode.com/2017/02/15/integrating-artifactory-ibm-urbancode-deploy/;;
https://www.urbancode.com/2017/03/13/flexibility-improves-configuration-data-management-websphere-application-server-configure-plug/;;
https://www.urbancode.com/2017/05/18/iib-integration-urbancode-deploy/;;
https://www.urbancode.com/2017/06/28/enhance-kubernetes-experience-urbancode-deploy/;;
https://www.urbancode.com/2017/07/11/jenkins-pipeline-tutorial/;;
https://www.urbancode.com/2017/07/26/kubernetes-blue-green-deployments-made-easy-urbancode-deploy/;;
https://www.urbancode.com/2017/08/02/ibm-operational-decision-manager-odm-urbancode-deploy/;;
https://www.urbancode.com/2017/08/04/datapower-plugin-basic-import-walkthrough/;;
https://www.urbancode.com/2017/08/04/datapower-plugin-definition-file-walkthrough/;;
https://www.urbancode.com/2017/09/25/deploying-kubernetes-helm-charts/;;
https://www.urbancode.com/2018/05/21/auto-discovery-cloud-foundry/;;
https://www.urbancode.com/2019/05/15/steps-to-install-ucd-7-0-2-agent-on-z-os-and-ucd-server-on-windows/;;
https://www.urbancode.com/docs/creating-versions-without-a-build-or-ci-tool/;;
https://www.urbancode.com/docs/using-update-xml-xpath-step/;;
https://www.urbancode.com/plugin/clearcase-ucm/;;
https://www.urbancode.com/plugin/cloud-foundry-ibm-containers/;;
https://www.urbancode.com/plugin/docker-registry/;;
https://www.urbancode.com/plugin/groovy-ibmucd/;;
https://www.urbancode.com/plugin/ibm-installation-manager/;;
https://www.urbancode.com/plugin/ibm-integration-bus-formerly-websphere-message-broker-cmp/;;
https://www.urbancode.com/plugin/ibm-operational-decision-manager-source-config/;;
https://www.urbancode.com/plugin/ibm-rational-integration-tester-rit/;;
https://www.urbancode.com/plugin/ibm-urbancode-deploy-applications/;;
https://www.urbancode.com/plugin/ibm-urbancode-deploy-file-utils-ibmucd-36/;;
https://www.urbancode.com/plugin/ibm-urbancode-deploy-versioned-file-storage-3/;;
https://www.urbancode.com/plugin/ibm-urbancode-deploy-versions/;;
https://www.urbancode.com/plugin/ibm-websphere-application-deployment-2/;;
https://www.urbancode.com/plugin/ibm-websphere-application-deployment/;;
https://www.urbancode.com/plugin/jenkins-job-manager/;;
https://www.urbancode.com/plugin/maven-ibmucd/;;
https://www.urbancode.com/plugin/microsoft-sql-server-sqlcmd-ibmucd/;;
https://www.urbancode.com/plugin/nexus-source-config/;;
https://www.urbancode.com/plugin/openshift/;;
https://www.urbancode.com/plugin/oracle-sqlplus-ibmucd-2/;;
https://www.urbancode.com/plugin/tomcat-ibmucd/;;
https://www.urbancode.com/plugin/websphere-application-server-deployment/;;
https://www.urbancode.com/plugin/websphere-application-server-deployment/93-2/;;
https://www.urbancode.com/plugin/websphere-bpm-ibmucd/;;
https://www.urbancode.com/plugin/websphere-liberty-ibmucd/;;
https://www.urbancode.com/plugin/z-os-ftp-utility/;;
https://www.urbancode.com/plugin/z-os-utility-generate-artifact-information/;;
https://www.urbancode.com/plugin/z-os-utility/;;
https://www.urbancode.com/plugindoc/amazon-ec2-container-registry/;;
https://www.urbancode.com/plugindoc/ibm-integration-bus-formerly-websphere-message-broker-cmp/#create_execution_group;;
https://www.urbancode.com/plugindoc/ibm-integration-bus-formerly-websphere-message-broker-cmp/#create_or_update_configurable_service;;
https://www.urbancode.com/plugindoc/ibm-integration-bus-formerly-websphere-message-broker-cmp/#wmb_deploy;;
https://www.urbancode.com/plugindoc/ibm-integration-bus-formerly-websphere-message-broker-cmp/#wmb_set_broker_properties;;
https://www.urbancode.com/plugindoc/ibm-integration-bus-formerly-websphere-message-broker-cmp/#wmb_set_execution_group_properties;;
https://www.urbancode.com/plugindoc/ibm-integration-bus-formerly-websphere-message-broker-cmp/#wmb_set_message_flows_property;;
https://www.urbancode.com/plugindoc/ibm-integration-bus-formerly-websphere-message-broker-cmp/#wmb_start_message_flows;;
https://www.urbancode.com/plugindoc/ibm-integration-bus-formerly-websphere-message-broker-cmp/#wmb_stop_message_flows;;
https://www.urbancode.com/plugindoc/ibm-mq-zos-generate-mqsc-commands/s1-4/;;
https://www.urbancode.com/plugindoc/ibm-mq-zos-generate-mqsc-commands/s2/;;
https://www.urbancode.com/plugindoc/ibm-mq-zos-generate-mqsc-commands/s3/;;
https://www.urbancode.com/plugindoc/ibm-mq-zos-generate-mqsc-commands/s4/;;
https://www.urbancode.com/plugindoc/ibmucd/apache-http-server/2-641617/steps/#start;;
https://www.urbancode.com/plugindoc/ibmucd/apache-http-server/2-641617/steps/#stop;;
https://www.urbancode.com/plugindoc/ibmucd/deploy-tools/7-641681/steps/#check_total_application_process_execution_time;;
https://www.urbancode.com/plugindoc/ibmucd/deploy-tools/7-641681/steps/#check_total_component_process_execution_time;;
https://www.urbancode.com/plugindoc/ibmucd/deploy-tools/7-641681/steps/#verify_deployment;;
https://www.urbancode.com/plugindoc/ibmucd/deploy-tools/7-641681/steps/#wait_for_web_page;;
https://www.urbancode.com/plugindoc/ibmucd/docker-source-configuration-2/1-2/usage/artifactory-configuration/;;
https://www.urbancode.com/plugindoc/ibmucd/docker-source-configuration-2/1-2/usage/general-source-config-specification/;;
https://www.urbancode.com/plugindoc/ibmucd/file-system/4-2/steps/#import_version;;
https://www.urbancode.com/plugindoc/ibmucd/file-utils-plug/1-2/usage/token-replace-step/;;
https://www.urbancode.com/plugindoc/ibmucd/ibm-api-connect/1-2/video-walkthrough/;;
https://www.urbancode.com/plugindoc/ibmucd/ibm-api-connect/1-2/video-walkthrough/hybrid-api-devops/;;
https://www.urbancode.com/plugindoc/ibmucd/ibm-configure/1-2/example-processes/websphere-example-1-discover-templatize-configuration-data-was-nd-with-cluster/;;
https://www.urbancode.com/plugindoc/ibmucd/ibm-configure/1-2/example-processes/websphere-example-2-discover-templatize-configuration-data-was-nd-with-standalone-server/;;
https://www.urbancode.com/plugindoc/ibmucd/ibm-configure/1-2/example-processes/websphere-example-3-discover-templatize-configuration-data-was-base/;;
https://www.urbancode.com/plugindoc/ibmucd/ibm-configure/1-2/example-processes/websphere-example-4-discover-templatize-configuration-data-was-nd-with-cluster-no-multiplicity/;;
https://www.urbancode.com/plugindoc/ibmucd/ibm-urbancode-deploy-versions/60-455054/steps/#create_version;;
https://www.urbancode.com/plugindoc/ibmucd/iis-configuration/1-2/usage/comparing-configurations-with-live-iis-instances/;;
https://www.urbancode.com/plugindoc/ibmucd/iis-configuration/1-2/usage/discovering-and-applying-configurations/;;
https://www.urbancode.com/plugindoc/ibmucd/jboss-application-server-plug/jboss-application-server-plug/steps/#deploy_application;;
https://www.urbancode.com/plugindoc/ibmucd/microsoft-biztalk/6-2/steps/#add_biztalk_application;;
https://www.urbancode.com/plugindoc/ibmucd/microsoft-biztalk/6-2/steps/#add_biztalk_resource;;
https://www.urbancode.com/plugindoc/ibmucd/microsoft-biztalk/6-2/steps/#export_biztalk_application;;
https://www.urbancode.com/plugindoc/ibmucd/microsoft-biztalk/6-2/steps/#remove_biztalk_application;;
https://www.urbancode.com/plugindoc/ibmucd/microsoft-biztalk/6-2/steps/#start_biztalk_application;;
https://www.urbancode.com/plugindoc/ibmucd/shell/;;
https://www.urbancode.com/plugindoc/ibmucd/sql-jdbc/5-641601/troubleshooting/stored-procedures-support/;;
https://www.urbancode.com/plugindoc/ibmucd/weblogic-application-server/3-489466/steps/#deploy;;
https://www.urbancode.com/plugindoc/ibmucd/websphere-bpm/1-2/steps/#import_process_application;;
https://www.urbancode.com/plugindoc/ibmucd/websphere-bpm/1-2/usage/deployments-offline-process-server/;;
https://www.urbancode.com/plugindoc/ibmucd/websphere-bpm/1-2/usage/deployments-online-process-server/;;
https://www.urbancode.com/plugindoc/ibmucd/websphere-liberty/1-2/usage/example-installing-a-simple-web-application/;;
https://www.urbancode.com/plugindoc/ibmucd/websphere-liberty/1-2/usage/example-installing-an-application-on-websphere-application-server-liberty-profile/;;
https://www.urbancode.com/plugindoc/ibmucd/zos-utility-plug/1-2/steps/#submit_job;;
https://www.urbancode.com/plugindoc/ibmucr/rational-team-;;
https://www.urbancode.com/plugindoc/ibmucr/rational-team-concert/1-2/usage/importing-work-items/;;
https://www.urbancode.com/plugindoc/ibmucr/servicenow/7-2/usage/create-and-updat‚Ä¶deployment-tasks/;;
https://www.urbancode.com/plugindoc/rft-ucd-steps;;
https://www.urbancode.com/plugindoc/rft-ucd-steps/#run_functional_tests;;
https://www.urbancode.com/plugindoc/steps-2/;;
https://www.urbancode.com/plugindoc/steps-rtwec;;
https://www.urbancode.com/plugindoc/urbancode-build/ibm-dependency-based-build-2/1-2/steps/#build;;
https://www.urbancode.com/plugindoc/websphere-application-server-deployment#install_application;;
https://www.urbancode.com/plugindoc/z-os-utility/#tab-steps;;
https://www.urbancode.com/plugindoc/z-os-utility#tab-steps;;
https://www.urbancode.com/plugindoc/zos-dataset-writer/picture1-2/;;
https://www.urbancode.com/plugindoc/zos-dataset-writer/picture2/;;
https://www.urbancode.com/plugins/;;
https://www.urbancode.com/resource/applying-and-removing-partial-configurations;;
https://www.urbancode.com/resource/applying-and-removing-partial-configurations/;;
https://www.urbancode.com/resource/auto-discovery-and-auto-configuration-in-plugins/;;
https://www.urbancode.com/resource/automating-live-comparisons/;;
https://www.urbancode.com/resource/comparing-configurations-with-live-websphere-application-server-instances/;;
https://www.urbancode.com/resource/configuration-snippet-overview/;;
https://www.urbancode.com/resource/converting-websphere-application-server-configuration-data-into-templates/;;
https://www.urbancode.com/resource/creating-a-websphere-application-server-with-a-snippet/;;
https://www.urbancode.com/resource/creating-components-for-use-with-the-websphere-application-server-configure-plug-in/;;
https://www.urbancode.com/resource/creating-versions-without-a-build-or-ci-tool/;;
https://www.urbancode.com/resource/deploying-websphere-applications-to-multiple-clusters-in-the-same-cell/;;
https://www.urbancode.com/resource/domain-deployment-architecture-and-implementation-using-ibm-datapower-and-urbancode-deploy/;;
https://www.urbancode.com/resource/drawbacks-of-using-partial-apply-remove/;;
https://www.urbancode.com/resource/example-installing-the-plantsbywebsphere-application/;;
https://www.urbancode.com/resource/getting-started-with-managing-websphere-application-server-configurations/;;
https://www.urbancode.com/resource/getting-started-with-urbancode-deploy-and-containers/;;
https://www.urbancode.com/resource/how-to-automate-ibm-integration-bus-installation-and-deployments-using-ibm-urbancode-deploy-and-chef/;;
https://www.urbancode.com/resource/how-to-create-a-new-websphere-application-server-from-a-process/;;
https://www.urbancode.com/resource/importing-specific-configuration-types/;;
https://www.urbancode.com/resource/including-service-integration-buses/;;
https://www.urbancode.com/resource/installing-plug-ins-in-;;
https://www.urbancode.com/resource/installing-plug-ins-in-urbancode-;;
https://www.urbancode.com/resource/installing-plug-ins-in-urbancode-products/;;
https://www.urbancode.com/resource/installing-plug-ins-in-urbancode-products/#ucr;;
https://www.urbancode.com/resource/jenkins-integration-with-ibm-urbancode-deploy/;;
https://www.urbancode.com/resource/kubernetes-blue-green-deployments-working-example/;;
https://www.urbancode.com/resource/limiting-the-scope-of-websphere-application-server-discovery/;;
https://www.urbancode.com/resource/managing-configuration-information-in-clustered-environments/;;
https://www.urbancode.com/resource/managing-configurations-with-snippet-collections/;;
https://www.urbancode.com/resource/managing-individual-configuration-objects-with-snippets/;;
https://www.urbancode.com/resource/managing-websphere-application-server-configurations/;;
https://www.urbancode.com/resource/migrating-websphere-application-server-versions-with-ibm-urbancode-deploy/;;
https://www.urbancode.com/resource/tokenizing-values-in-snippet-files/;;
https://www.urbancode.com/resource/z-os-multi-generate-artifact-information;;
https://www.urbancode.com/uc-downloads/plugins/ibmucd/datapower/;;
https://www.urbancode.com/uc-downloads/plugins/ibmucd/RFE-WebUI-UCD/RFT-WebUI-UCD-4.0.zip;;
https://www.urbancode.com/uc-downloads/plugins/ibmucd/RFT-UCD/RFT-UCD-4.0.zip;;
https://www.visualstudio.com/en-us/docs/tfvc/use-team-foundation-version-control-commands;;
https://www.youtube.com/watch?v=5qPBIayu-0E;;
https://www.youtube.com/watch?v=KG4tvMIeAww;;
https://www.youtube.com/watch?v=mY14Kn1R0EI;;
https://www.youtube.com/watch?v=Qrw8hz8Jv9c;;
https://www.youtube.com/watch?v=VaYQE5d96hY&feature=youtu.be;;
https://www53.v1host.com/XYZ;;
https://youtu.be/2LnyWEOMt5g;;
https://youtu.be/FJ5Ta2dSTm4;;
https://youtu.be/I6H3daJ6XSc;;
https://youtu.be/IDKpabybz6M;;
https://youtu.be/JBlTKpsP7aw;;
https://youtu.be/Qhf1r8_mljc;;
https://youtu.be/vIviK2RjL0I;;
https://youtu.be/VjT2VGwdlW4;;
https://youtu.be/xeGiIKNuuX0;;
hub.urbancode.com/node:0.10;;
iewbndd6.so/iewbnddx.so;;
org.jfrog.test/multi2;;
registry.ng.bluemix.net/myimage;;
registry.ng.bluemix.net/mynamespace2/bgdemohello;;
www.ibm.com;;