https://developer.ibm.com/urbancode/plugin/sap-change-transport-system-cts/,NO,,https://developer.ibm.com/urbancode/plugin/sap-change-transport-system-cts/
https://developer.ibm.com/urbancode/wp-content/uploads/sites/16/2016/09/snip23-300x231.png,NO,,snip23-300x231.png
https://developer.ibm.com/urbancode/plugin/ibm-operational-decision-manager/,NO,,https://developer.ibm.com/urbancode/plugin/ibm-operational-decision-manager/
https://developer.ibm.com/urbancode/wp-content/uploads/sites/16/2016/09/snip39-300x170.png,NO,,snip39-300x170.png
https://www.urbancode.com/docs/ibm-cloud-platform-bluemix/,NO,,https://www.urbancode.com/docs/ibm-cloud-platform-bluemix/
https://github.com/ibm-datapower/datapower-configuration-manager,NO,,https://github.com/ibm-datapower/datapower-configuration-manager
http://www.urbancode.com/PluginXMLSchema_v1,NO,,/PluginXMLSchema_v1
https://developer.ibm.com/urbancode/wp-content/uploads/sites/16/2016/09/snip39.png,NO,,snip39.png
https://www.ibm.com/docs/en/urbancode-deploy/7.2.3?topic=agents-installing-remotely,NO,,https://www.ibm.com/docs/en/urbancode-deploy/7.2.3?topic=agents-installing-remotely
https://www.urbancode.com/2017/05/18/iib-integration-urbancode-deploy/34-3/,NO,,https://www.urbancode.com/2017/05/18/iib-integration-urbancode-deploy/34-3/
https://www.urbancode.com/2017/05/18/iib-integration-urbancode-deploy/30-3/,NO,,https://www.urbancode.com/2017/05/18/iib-integration-urbancode-deploy/30-3/
https://developer.ibm.com/urbancode/wp-content/uploads/sites/16/2016/09/snip12.png,NO,,snip12.png
https://developer.ibm.com/urbancode/wp-content/uploads/sites/16/2016/09/snip11-300x61.png,NO,,snip11-300x61.png
http://www-03.ibm.com/software/products/en/business-process-manager-family,NO,,http://www-03.ibm.com/software/products/en/business-process-manager-family
http://www-01.ibm.com/support/knowledgecenter/SS4GSP_6.2.0/com.ibm.udeploy.doc/topics/comp_create_udclient.html?lang=en,NO,,http://www-01.ibm.com/support/knowledgecenter/SS4GSP_6.2.0/com.ibm.udeploy.doc/topics/comp_create_udclient.html?lang=en
http://www.urbancode.comscreen-shot-2017-03-13-at-1.04.48-pm.png,NO,,screen-shot-2017-03-13-at-1.04.48-pm.png
https://developer.ibm.com/urbancode/wp-content/uploads/sites/16/2016/09/snip24.png,NO,,snip24.png
https://www.urbancode.com/2017/05/18/iib-integration-urbancode-deploy/32-3/,NO,,https://www.urbancode.com/2017/05/18/iib-integration-urbancode-deploy/32-3/
http://www.urbancode.comportnames.jpg,NO,,portnames.jpg
http://www.urbancode.com34.png,NO,,34.png
https://www.docker.com/products/docker-datacenter,NO,,https://www.docker.com/products/docker-datacenter
https://developer.salesforce.com/docs/atlas.en-us.fundamentals.meta/fundamentals/adg_intro.htm,NO,,https://developer.salesforce.com/docs/atlas.en-us.fundamentals.meta/fundamentals/adg_intro.htm
http://www.urbancode.com5.png,NO,,5.png
https://www.ibm.com/support/knowledgecenter/en/SS4GSP_6.0.0/com.ibm.udeploy.doc/topics/comp_create_filesystem_versioned.html,NO,,https://www.ibm.com/support/knowledgecenter/en/SS4GSP_6.0.0/com.ibm.udeploy.doc/topics/comp_create_filesystem_versioned.html
https://developer.ibm.com/urbancode/wp-content/uploads/sites/16/2016/09/snip41-300x146.png,NO,,snip41-300x146.png
https://www.urbancode.com/2017/05/18/iib-integration-urbancode-deploy/3-4/,NO,,https://www.urbancode.com/2017/05/18/iib-integration-urbancode-deploy/3-4/
http://www.urbancode.comapp-process.png,NO,,app-process.png
http://www.urbancode.comrunprocessontest.jpg,NO,,runprocessontest.jpg
https://hub.docker.com/r/ibmcom/ucda/,NO,,https://hub.docker.com/r/ibmcom/ucda/
https://urbancode.github.io/IBM-UCx-PLUGIN-DOCS/UCD/MavenSourceConfig/,NO,,https://urbancode.github.io/IBM-UCx-PLUGIN-DOCS/UCD/MavenSourceConfig/
https://github.com/UrbanCode/IBM-UCD-PLUGINS/blob/main/files/WebSphereConfiguration/SampleApplications/WebSphereConfigurationExampleSnippetApplication.json,NO,,https://github.com/UrbanCode/IBM-UCD-PLUGINS/blob/main/files/WebSphereConfiguration/SampleApplications/WebSphereConfigurationExampleSnippetApplication.json
https://developer.ibm.com/urbancode/2017/08/04/datapower-plugin-basic-import-walkthrough/,NO,,https://developer.ibm.com/urbancode/04/datapower-plugin-basic-import-walkthrough/
http://www.urbancode.com26.png,NO,,26.png
https://hub.docker.com/r/ibmcom/ucds/,NO,,https://hub.docker.com/r/ibmcom/ucds/
https://www.ibm.com/support/knowledgecenter/en/SS4GSP_6.2.0/com.ibm.udeploy.tutorial.doc/topics/quickstart_abstract.html,NO,,https://www.ibm.com/support/knowledgecenter/en/SS4GSP_6.2.0/com.ibm.udeploy.tutorial.doc/topics/quickstart_abstract.html
https://www.urbancode.com/2017/05/18/iib-integration-urbancode-deploy/20-3/,NO,,https://www.urbancode.com/2017/05/18/iib-integration-urbancode-deploy/20-3/
https://www.urbancode.com/2017/05/18/iib-integration-urbancode-deploy/22-3/,NO,,https://www.urbancode.com/2017/05/18/iib-integration-urbancode-deploy/22-3/
https://developer.ibm.com/urbancode/wp-content/uploads/sites/16/2016/09/snip18.png,NO,,snip18.png
https://www.ibm.com/support/knowledgecenter/en/SSMKHH_10.0.0/com.ibm.etools.mft.doc/an26160_.htm,NO,,https://www.ibm.com/support/knowledgecenter/en/SSMKHH_10.0.0/com.ibm.etools.mft.doc/an26160_.htm
https://hub.docker.com/r/amatthew99/ucdbgdemo/tags/?cm_mc_uid=27031128206515047213760&amp;cm_mc_sid_50200000=1505746778,NO,,https://hub.docker.com/r/amatthew99/ucdbgdemo/tags/?cm_mc_uid=27031128206515047213760&amp;cm_mc_sid_50200000=1505746778
https://developer.ibm.com/urbancode/wp-content/uploads/sites/16/2016/09/snip27-300x214.png,NO,,snip27-300x214.png
http://www.urbancode.com2.png,NO,,2.png
https://developer.ibm.com/urbancode/wp-content/uploads/sites/16/2016/09/snip35.png,NO,,snip35.png
https://www.urbancode.com/2017/05/18/iib-integration-urbancode-deploy/24-3/,NO,,https://www.urbancode.com/2017/05/18/iib-integration-urbancode-deploy/24-3/
https://urbancode.github.io/IBM-UCx-PLUGIN-DOCS/UCD/WebSphereConfiguration/example-processes/websphere-example-9-discover-templatize-node-configuration-data/,NO,,https://urbancode.github.io/IBM-UCx-PLUGIN-DOCS/UCD/WebSphereConfiguration/example-processes/websphere-example-9-discover-templatize-node-configuration-data/
https://developer.ibm.com/urbancode/plugindoc/ibmucd/ibm-operational-decision-manager/1-2/steps/,NO,,https://developer.ibm.com/urbancode/plugindoc/ibmucd/ibm-operational-decision-manager/1-2/steps/
https://developer.ibm.com/urbancode/wp-content/uploads/sites/16/2016/09/snip20-300x139.png,NO,,snip20-300x139.png
https://en.wikipedia.org/wiki/EAR_(file_format),NO,,https://en.wikipedia.org/wiki/EAR_(file_format)
https://www.urbancode.com/2017/05/18/iib-integration-urbancode-deploy/28-3/,NO,,https://www.urbancode.com/2017/05/18/iib-integration-urbancode-deploy/28-3/
https://www.salesforce.com/,NO,,https://www.salesforce.com/
http://www.ibm.com/support/knowledgecenter/SS4GSP_6.2.1/com.ibm.udeploy.doc/topics/resources_import_was.html,NO,,http://www.ibm.com/support/knowledgecenter/SS4GSP_6.2.1/com.ibm.udeploy.doc/topics/resources_import_was.html
https://developer.ibm.com/urbancode/wp-content/uploads/sites/16/2016/09/snip33-300x169.png,NO,,snip33-300x169.png
https://urbancode.github.io/IBM-UCx-PLUGIN-DOCS/UCD/WebSphereConfiguration/example-applications/,NO,,https://urbancode.github.io/IBM-UCx-PLUGIN-DOCS/UCD/WebSphereConfiguration/example-applications/
https://hub.docker.com/_/mysql/,NO,,https://hub.docker.com/_/mysql/
https://developer.salesforce.com/docs/atlas.en-us.api_meta.meta/api_meta/meta_types_list.htm,NO,,https://developer.salesforce.com/docs/atlas.en-us.api_meta.meta/api_meta/meta_types_list.htm
https://www.urbancode.com/2017/05/18/iib-integration-urbancode-deploy/9-3/,NO,,https://www.urbancode.com/2017/05/18/iib-integration-urbancode-deploy/9-3/
http://www.urbancode.comnodeconfig.jpg,NO,,nodeconfig.jpg
https://www.urbancode.com/2017/05/18/iib-integration-urbancode-deploy/5-3/,NO,,https://www.urbancode.com/2017/05/18/iib-integration-urbancode-deploy/5-3/
http://www.urbancode.comrelease_management_service_now3.png,NO,,release_management_service_now3.png
https://developer.salesforce.com/page/Force.com_Migration_Tool,NO,,https://developer.salesforce.com/page/Force.com_Migration_Tool
https://docs.docker.com/engine/userguide/networking/default_network/dockerlinks/,NO,,https://docs.docker.com/engine/userguide/networking/default_network/dockerlinks/
https://developer.ibm.com/urbancode/wp-content/uploads/sites/16/2016/09/snip28-230x300.png,NO,,snip28-230x300.png
https://developer.ibm.com/urbancode/wp-content/uploads/sites/16/2016/09/snip32.png,NO,,snip32.png
https://www.urbancode.com/2017/09/29/getting-started-docker-swarm-mode-ibm-urbancode-deploy/,NO,,https://www.urbancode.com/2017/09/29/getting-started-docker-swarm-mode-ibm-urbancode-deploy/
https://developer.ibm.com/urbancode/wp-content/uploads/sites/16/2016/09/snip29.png,NO,,snip29.png
https://developer.ibm.com/urbancode/docs/kubernetes-blue-green-deployments-working-example,NO,,https://developer.ibm.com/urbancode/docs/kubernetes-blue-green-deployments-working-example
https://developer.ibm.com/urbancode/wp-content/uploads/sites/16/2016/09/snip07-300x277.png,NO,,snip07-300x277.png
https://developer.ibm.com/urbancode/wp-content/uploads/sites/16/2016/09/snip34.png,NO,,snip34.png
https://hub.docker.com/_/wordpress/,NO,,https://hub.docker.com/_/wordpress/
https://developer.ibm.com/urbancode/wp-content/uploads/sites/16/2016/09/snip02-300x156.png,NO,,snip02-300x156.png
https://help.sap.com/viewer/CTS75/3dad5b744ebc11d182bf0000e829fbfe.html,NO,,https://help.sap.com/viewer/CTS75/3dad5b744ebc11d182bf0000e829fbfe.html
https://github.com/ibm-datapower/datapower-configuration-manager/wiki,NO,,https://github.com/ibm-datapower/datapower-configuration-manager/wiki
https://www.urbancode.com/2017/05/18/iib-integration-urbancode-deploy/1-5/,NO,,https://www.urbancode.com/2017/05/18/iib-integration-urbancode-deploy/1-5/
http://www.urbancode.comrelease_management_service_now10.png,NO,,release_management_service_now10.png
https://www.ibm.com/support/knowledgecenter/en/SSMKHH_10.0.0/com.ibm.etools.mft.doc/af03870_.htm,NO,,https://www.ibm.com/support/knowledgecenter/en/SSMKHH_10.0.0/com.ibm.etools.mft.doc/af03870_.htm
https://www.urbancode.com/plugin/artifactory/,NO,,https://www.urbancode.com/plugin/artifactory/
http://www.urbancode.com29-1024x693.png,NO,,29-1024x693.png
http://www.urbancode.com4.png,NO,,4.png
https://developer.ibm.com/urbancode/wp-content/uploads/sites/16/2016/09/snip19-225x300.png,NO,,snip19-225x300.png
https://developer.ibm.com/urbancode/wp-content/uploads/sites/16/2016/09/snip03.png,NO,,snip03.png
http://www.urbancode.com2016/10/resourcetree.jpg,NO,,2016/10/resourcetree.jpg
http://9.42.23.45:31406,NO,,http://9.42.23.45:31406
https://developer.ibm.com/urbancode/docs/managing-configurations-with-snippet-collections/,NO,,https://developer.ibm.com/urbancode/docs/managing-configurations-with-snippet-collections/
https://www.urbancode.com/2017/05/18/iib-integration-urbancode-deploy/16-3/,NO,,https://www.urbancode.com/2017/05/18/iib-integration-urbancode-deploy/16-3/
https://api.ng.bluemix.net,NO,,https://api.ng.bluemix.net
http://www.urbancode.com7-1024x989.png,NO,,7-1024x989.png
https://developer.ibm.com/urbancode/wp-content/uploads/sites/16/2016/09/snip10-300x37.png,NO,,snip10-300x37.png
http://www.urbancode.comrelease_management_service_now6.png,NO,,release_management_service_now6.png
https://developer.ibm.com/urbancode/wp-content/uploads/sites/16/2016/09/snip08-300x267.png,NO,,snip08-300x267.png
https://meetmurad.files.wordpress.com/2016/02/import.gif?w=600,NO,,https://meetmurad.files.wordpress.com/2016/02/import.gif?w=600
http://www.urbancode.compost-scheduled-deployment-2.png,NO,,post-scheduled-deployment-2.png
https://developer.ibm.com/urbancode/plugindoc/ibmucd/application-deployment-websphere-plug/1-2/,NO,,https://developer.ibm.com/urbancode/plugindoc/ibmucd/application-deployment-websphere-plug/1-2/
https://www.ibm.com/support/knowledgecenter/en/SSQP76_8.7.0/com.ibm.odm.dserver.rules.ref.res/html/restapi/html/index.html,NO,,https://www.ibm.com/support/knowledgecenter/en/SSQP76_8.7.0/com.ibm.odm.dserver.rules.ref.res/html/restapi/html/index.html
https://urbancode.github.io/IBM-UCx-PLUGIN-DOCS/UCD/WebSphereConfiguration/,NO,,https://urbancode.github.io/IBM-UCx-PLUGIN-DOCS/UCD/WebSphereConfiguration/
https://www.urbancode.com/resource/docker-compose/,NO,,https://www.urbancode.com/resource/docker-compose/
https://www.ibm.com/cloud/urbancode,NO,,https://www.ibm.com/cloud/urbancode
https://www.ibm.com/support/knowledgecenter/en/SSMKHH_10.0.0/com.ibm.etools.mft.doc/an19540_.htm,NO,,https://www.ibm.com/support/knowledgecenter/en/SSMKHH_10.0.0/com.ibm.etools.mft.doc/an19540_.htm
http://robbieminshall.blogspot.com/2014/07/continuous-delivery-with-docker-part-1.html,NO,,http://robbieminshall.blogspot.com/2014/07/continuous-delivery-with-docker-part-1.html
https://developer.ibm.com/urbancode/docs/kubernetes-blue-green-deployments-working-example/#hello,NO,,https://developer.ibm.com/urbancode/docs/kubernetes-blue-green-deployments-working-example/#hello
https://www.urbancode.com/2017/05/18/iib-integration-urbancode-deploy/,NO,,https://www.urbancode.com/2017/05/18/iib-integration-urbancode-deploy/
http://localhost:8080,NO,,http://localhost:8080
https://www.urbancode.com/2017/05/18/iib-integration-urbancode-deploy/31-3/,NO,,https://www.urbancode.com/2017/05/18/iib-integration-urbancode-deploy/31-3/
https://github.com/ibm-datapower/datapower-configuration-manager/wiki/dcm:deployment-policy-element#white-list,NO,,https://github.com/ibm-datapower/datapower-configuration-manager/wiki/dcm:deployment-policy-element#white-list
https://www-01.ibm.com/support/knowledgecenter/SSCP65_6.0.0/com.ibm.jazz.install.doc/topics/t_install_build_toolkit.html,NO,,https://www-01.ibm.com/support/knowledgecenter/SSCP65_6.0.0/com.ibm.jazz.install.doc/topics/t_install_build_toolkit.html
https://developer.ibm.com/urbancode/wp-content/uploads/sites/16/2016/09/snip03-300x267.png,NO,,snip03-300x267.png
https://meetmurad.files.wordpress.com/2016/02/untitled6.gif,NO,,https://meetmurad.files.wordpress.com/2016/02/untitled6.gif
http://www.urbancode.com28-1024x681.png,NO,,28-1024x681.png
http://www-03.ibm.com/software/products/en/appserv-was,NO,,http://www-03.ibm.com/software/products/en/appserv-was
https://meetmurad.files.wordpress.com/2016/02/untitled13.gif,NO,,https://meetmurad.files.wordpress.com/2016/02/untitled13.gif
http://www.urbancode.com11-1024x732.png,NO,,11-1024x732.png
http://12factor.net,NO,,http://12factor.net
https://developer.ibm.com/urbancode/plugindoc/ibmucd/docker-source-configuration-2/1-2/usage/artifactory-configuration/,NO,,https://developer.ibm.com/urbancode/plugindoc/ibmucd/docker-source-configuration-2/1-2/usage/artifactory-configuration/
http://www.ibm.com/support/knowledgecenter/SS4GSP_6.2.2/com.ibm.udeploy.doc/topics/resources_import_was.html,NO,,http://www.ibm.com/support/knowledgecenter/SS4GSP_6.2.2/com.ibm.udeploy.doc/topics/resources_import_was.html
https://help.sap.com/viewer/39222f18c2ab428985c7f3e041b11e26/7.5.9/en-US/4c2a16f2b88c5ed7e10000000a42189e.html,NO,,https://help.sap.com/viewer/39222f18c2ab428985c7f3e041b11e26/7.5.9/en-US/4c2a16f2b88c5ed7e10000000a42189e.html
http://www.urbancode.comsuccessful-deployment-screen.png,NO,,successful-deployment-screen.png
http://www.urbancode.com3.png,NO,,3.png
https://developer.ibm.com/urbancode/wp-content/uploads/sites/16/2016/09/snip16-300x211.png,NO,,snip16-300x211.png
http://developer.ibm.com/urbancode/docs/creating-configuration-snippets/,NO,,http://developer.ibm.com/urbancode/docs/creating-configuration-snippets/
http://developer.ibm.com/urbancode/docs/converting-websphere-application-server-configuration-data-into-templates/,NO,,http://developer.ibm.com/urbancode/docs/converting-websphere-application-server-configuration-data-into-templates/
http://www.urbancode.comset-to-closed.png,NO,,set-to-closed.png
https://www.urbancode.com/resource/using-the-kubernetes-plug-in-with-ci-cd/,NO,,https://www.urbancode.com/resource/using-the-kubernetes-plug-in-with-ci-cd/
https://developer.ibm.com/urbancode/wp-content/uploads/sites/16/2016/09/snip36-300x135.png,NO,,snip36-300x135.png
https://developer.ibm.com/urbancode/wp-content/uploads/sites/16/2016/09/snip01.png,NO,,snip01.png
https://help.sap.com/viewer/65de2977205c403bbc107264b8eccf4b/Cloud/en-US/56e309f496cc446ba441d862db94cb18.html,NO,,https://help.sap.com/viewer/65de2977205c403bbc107264b8eccf4b/Cloud/en-US/56e309f496cc446ba441d862db94cb18.html
https://developer.ibm.com/urbancode/plugin/rft/,NO,,https://developer.ibm.com/urbancode/plugin/rft/
https://developer.ibm.com/urbancode/plugindoc/ibmucd/ibm-urbancode-deploy-versioned-file-storage/1-2/steps/,NO,,https://developer.ibm.com/urbancode/plugindoc/ibmucd/ibm-urbancode-deploy-versioned-file-storage/1-2/steps/
https://developer.ibm.com/urbancode/wp-content/uploads/sites/16/2016/09/snip33.png,NO,,snip33.png
https://developer.ibm.com/urbancode/wp-content/uploads/sites/16/2016/09/snip29-300x266.png,NO,,snip29-300x266.png
https://www.urbancode.com/2017/05/18/iib-integration-urbancode-deploy/12-3/,NO,,https://www.urbancode.com/2017/05/18/iib-integration-urbancode-deploy/12-3/
http://www.urbancode.com23-1024x631.png,NO,,23-1024x631.png
https://meetmurad.files.wordpress.com/2016/02/untitled.gif?w=514,NO,,https://meetmurad.files.wordpress.com/2016/02/untitled.gif?w=514
https://www.urbancode.com/2017/05/18/iib-integration-urbancode-deploy/2-4/,NO,,https://www.urbancode.com/2017/05/18/iib-integration-urbancode-deploy/2-4/
http://www.urbancode.comrelease_management_service_now2.png,NO,,release_management_service_now2.png
https://help.sap.com/viewer/65de2977205c403bbc107264b8eccf4b/Cloud/en-US/76132306711e1014839a8273b0e91070.html,NO,,https://help.sap.com/viewer/65de2977205c403bbc107264b8eccf4b/Cloud/en-US/76132306711e1014839a8273b0e91070.html
https://www.ibm.com/developerworks/community/groups/service/html/communityview?communityUuid=860ff390-6cab-4f95-ab37-66d2ca7521b4#fullpageWidgetId=Wfd5260395f07_47f9_aa1a_6eec1f65a7e0&amp;file=389e4e95-ce4f-4ed6-bc3b-0b488997f50c,NO,,https://www.ibm.com/developerworks/community/groups/service/html/communityview?communityUuid=860ff390-6cab-4f95-ab37-66d2ca7521b4#fullpageWidgetId=Wfd5260395f07_47f9_aa1a_6eec1f65a7e0&amp;file=389e4e95-ce4f-4ed6-bc3b-0b488997f50c
https://developer.ibm.com/urbancode/plugin/servicenow-ibmucd/,NO,,https://developer.ibm.com/urbancode/plugin/servicenow-ibmucd/
https://developer.ibm.com/urbancode/wp-content/uploads/sites/16/2016/09/snip36.png,NO,,snip36.png
https://developer.ibm.com/urbancode/wp-content/uploads/sites/16/2016/09/snip30.png,NO,,snip30.png
https://developer.ibm.com/urbancode/products/urbancode-release/,NO,,https://developer.ibm.com/urbancode/products/urbancode-release/
https://meetmurad.files.wordpress.com/2016/02/untitled12.gif,NO,,https://meetmurad.files.wordpress.com/2016/02/untitled12.gif
https://www.urbancode.com/plugindoc/z-os-utility-generate-artifact-information/,NO,,https://www.urbancode.com/plugindoc/z-os-utility-generate-artifact-information/
https://www.urbancode.com/plugin/nuget/,NO,,https://www.urbancode.com/plugin/nuget/
http://www.urbancode.com31.png,NO,,31.png
https://developer.ibm.com/urbancode/2017/03/13/flexibility-improves-configuration-data-management-websphere-application-server-configure-plug/,NO,,https://developer.ibm.com/urbancode/2017/03/13/flexibility-improves-configuration-data-management-websphere-application-server-configure-plug/
https://developer.ibm.com/urbancode/wp-content/uploads/sites/16/2016/09/snip41.png,NO,,snip41.png
https://www.urbancode.com/resource/ibm-cloud-private/,NO,,https://www.urbancode.com/resource/ibm-cloud-private/
https://docs.docker.com/compose/install/,NO,,https://docs.docker.com/compose/install/
https://www.urbancode.com/plugin/dockersourceconfig-ibmucd/,NO,,https://www.urbancode.com/plugin/dockersourceconfig-ibmucd/
https://developer.ibm.com/urbancode/wp-content/uploads/sites/16/2016/09/snip40.png,NO,,snip40.png
https://developer.ibm.com/urbancode/wp-content/uploads/sites/16/2016/09/snip31.png,NO,,snip31.png
https://demo:10443/ccm,NO,,https://demo:10443/ccm
https://developer.ibm.com/urbancode/wp-content/uploads/sites/16/2016/09/snip18-300x106.png,NO,,snip18-300x106.png
http://www.urbancode.com1-1-1024x658.png,NO,,1-1-1024x658.png
https://www.urbancode.com/2017/05/18/iib-integration-urbancode-deploy/10-3/,NO,,https://www.urbancode.com/2017/05/18/iib-integration-urbancode-deploy/10-3/
http://www.urbancode.com25-1024x491.png,NO,,25-1024x491.png
https://www.urbancode.com/docs/kubernetes/,NO,,https://www.urbancode.com/docs/kubernetes/
https://developer.ibm.com/urbancode/docs/using-json-snippets-to-manage-configurations/,NO,,https://developer.ibm.com/urbancode/docs/using-json-snippets-to-manage-configurations/
http://www.urbancode.comadminconsole.jpg,NO,,adminconsole.jpg
https://www.urbancode.com/2017/05/18/iib-integration-urbancode-deploy/13-3/,NO,,https://www.urbancode.com/2017/05/18/iib-integration-urbancode-deploy/13-3/
https://github.com/IBM-UrbanCode/Templates-UCD,NO,,https://github.com/IBM-UrbanCode/Templates-UCD
https://developer.ibm.com/urbancode/wp-content/uploads/sites/16/2016/09/snip12-240x300.png,NO,,snip12-240x300.png
https://www.urbancode.com/2017/05/18/iib-integration-urbancode-deploy/7-3/,NO,,https://www.urbancode.com/2017/05/18/iib-integration-urbancode-deploy/7-3/
https://www.ibm.com/support/knowledgecenter/en/SS4GSP_6.2.2/com.ibm.udeploy.doc/topics/app_environment_mapping.html,NO,,https://www.ibm.com/support/knowledgecenter/en/SS4GSP_6.2.2/com.ibm.udeploy.doc/topics/app_environment_mapping.html
https://urbancode.github.io/IBM-UCx-PLUGIN-DOCS/UCD/WebSphereConfiguration/example-processes/websphere-example-11-discover-templatize-cluster-configuration-data/,NO,,https://urbancode.github.io/IBM-UCx-PLUGIN-DOCS/UCD/WebSphereConfiguration/example-processes/websphere-example-11-discover-templatize-cluster-configuration-data/
https://developer.ibm.com/urbancode/wp-content/uploads/sites/16/2016/09/snip20.png,NO,,snip20.png
https://docs.docker.com/compose/compose-file/,NO,,https://docs.docker.com/compose/compose-file/
http://www.urbancode.comscreen-shot-2017-02-22-at-2.13.20-pm.png,NO,,screen-shot-2017-02-22-at-2.13.20-pm.png
https://www.urbancode.com/2017/05/18/iib-integration-urbancode-deploy/11-3/,NO,,https://www.urbancode.com/2017/05/18/iib-integration-urbancode-deploy/11-3/
https://developer.ibm.com/urbancode/wp-content/uploads/sites/16/2016/09/snip14.png,NO,,snip14.png
https://youtu.be/K43YF-DoHUs,NO,,https://youtu.be/K43YF-DoHUs
https://meetmurad.files.wordpress.com/2016/02/untitled8.gif,NO,,https://meetmurad.files.wordpress.com/2016/02/untitled8.gif
http://www.urbancode.comrunsuccessfulprocess.jpg,NO,,runsuccessfulprocess.jpg
https://meetmurad.files.wordpress.com/2016/01/applicationenvironments.gif,NO,,https://meetmurad.files.wordpress.com/2016/01/applicationenvironments.gif
https://docs.docker.com/machine/overview/,NO,,https://docs.docker.com/machine/overview/
https://meetmurad.files.wordpress.com/2016/02/compconfig.gif?w=472,NO,,https://meetmurad.files.wordpress.com/2016/02/compconfig.gif?w=472
http://www.urbancode.comapp-step.png,NO,,app-step.png
https://developer.ibm.com/bluemix/2015/04/29/hybrid-deployment-docker-containers-using-ibm-urbancode-deploy/,NO,,https://developer.ibm.com/bluemix/2015/04/29/hybrid-deployment-docker-containers-using-ibm-urbancode-deploy/
http://www.urbancode.comconfigwebspheretop.jpg,NO,,configwebspheretop.jpg
http://www.urbancode.comrelease_management_service_now9.png,NO,,release_management_service_now9.png
https://developer.ibm.com/urbancode/docs/creating-versions-without-a-build-or-ci-tool/,NO,,https://developer.ibm.com/urbancode/docs/creating-versions-without-a-build-or-ci-tool/
http://www.urbancode.comrelease_management_service_now8.png,NO,,release_management_service_now8.png
https://www.ibm.com/support/knowledgecenter/SS4GSP_6.2.0/com.ibm.udeploy.doc/topics/comp_create_filesystem_versioned.html,NO,,https://www.ibm.com/support/knowledgecenter/SS4GSP_6.2.0/com.ibm.udeploy.doc/topics/comp_create_filesystem_versioned.html
https://www.ibm.com/support/knowledgecenter/en/SSQP76_8.9.0/com.ibm.odm.dserver.rules.deploying/topics/con_dserver_deploying_intro.html,NO,,https://www.ibm.com/support/knowledgecenter/en/SSQP76_8.9.0/com.ibm.odm.dserver.rules.deploying/topics/con_dserver_deploying_intro.html
https://www.ibm.com/support/knowledgecenter/en/SS4GSP_6.1.0/com.ibm.udeploy.doc/topics/comp_template.html,NO,,https://www.ibm.com/support/knowledgecenter/en/SS4GSP_6.1.0/com.ibm.udeploy.doc/topics/comp_template.html
https://github.com/ibm-datapower/datapower-configuration-manager/wiki/dcm:deployment-policy-element#add-property,NO,,https://github.com/ibm-datapower/datapower-configuration-manager/wiki/dcm:deployment-policy-element#add-property
https://developer.ibm.com/urbancode/wp-content/uploads/sites/16/2016/09/snip32-300x205.png,NO,,snip32-300x205.png
http://kubernetes.io/,NO,,http://kubernetes.io/
software,NO,,software
http://169.48.204.217:30828,NO,,http://169.48.204.217:30828
http://www.urbancode.com30-1024x746.png,NO,,30-1024x746.png
https://github.com/ibm-datapower/datapower-configuration-manager/wiki/plugin:-Ignore-Import-Errors,NO,,https://github.com/ibm-datapower/datapower-configuration-manager/wiki/plugin:-Ignore-Import-Errors
https://www.urbancode.com/2017/05/18/iib-integration-urbancode-deploy/35-3/,NO,,https://www.urbancode.com/2017/05/18/iib-integration-urbancode-deploy/35-3/
http://www.ibm.com/developerworks/bpm/bpm2.html,NO,,http://www.ibm.com/developerworks/bpm/bpm2.html
http://www.urbancode.com2017/08/datapowerprocess.png,NO,,datapowerprocess.png
https://www.ibm.com/support/knowledgecenter/SS4GSP_6.2.7/com.ibm.udeploy.doc/topics/rtwintegrat_cpt.html,NO,,https://www.ibm.com/support/knowledgecenter/SS4GSP_6.2.7/com.ibm.udeploy.doc/topics/rtwintegrat_cpt.html
https://www.ibm.com/support/knowledgecenter/en/SS4GSP_6.1.1/com.ibm.udeploy.api.doc/topics/udclient_requestapplicationprocess.html,NO,,https://www.ibm.com/support/knowledgecenter/en/SS4GSP_6.1.1/com.ibm.udeploy.api.doc/topics/udclient_requestapplicationprocess.html
https://console.bluemix.net/catalog/services/continuous-release/,NO,,https://console.bluemix.net/catalog/services/continuous-release/
https://developer.ibm.com/urbancode/plugin/docker-compose/,NO,,https://developer.ibm.com/urbancode/plugin/docker-compose/
https://developer.ibm.com/urbancode/plugin/jenkins-2-0/,NO,,https://developer.ibm.com/urbancode/plugin/jenkins-2-0/
https://www.urbancode.com/docs/docker-container-registries/,NO,,https://www.urbancode.com/docs/docker-container-registries/
http://www.urbancode.com27-1024x378.png,NO,,27-1024x378.png
https://developer.ibm.com/urbancode/wp-content/uploads/sites/16/2016/09/snip21-300x175.png,NO,,snip21-300x175.png
https://developer.ibm.com/urbancode/wp-content/uploads/sites/16/2016/09/snip23.png,NO,,snip23.png
https://www.ibm.com/support/knowledgecenter/en/SSMKHH_10.0.0/com.ibm.etools.mft.doc/an09148_.htm,NO,,https://www.ibm.com/support/knowledgecenter/en/SSMKHH_10.0.0/com.ibm.etools.mft.doc/an09148_.htm
https://developer.ibm.com/urbancode/wp-content/uploads/sites/16/2016/09/snip13.png,NO,,snip13.png
http://www.urbancode.comscreen-shot-2017-12-13-at-11.27.22-am.png,NO,,screen-shot-2017-12-13-at-11.27.22-am.png
https://developer.ibm.com/datapower/docker/,NO,,https://developer.ibm.com/datapower/docker/
https://www.urbancode.com/2017/05/18/iib-integration-urbancode-deploy/4-3/,NO,,https://www.urbancode.com/2017/05/18/iib-integration-urbancode-deploy/4-3/
https://urbancode.github.io/IBM-UCx-PLUGIN-DOCS/UCD/ibm-odm-source-config/,NO,,https://urbancode.github.io/IBM-UCx-PLUGIN-DOCS/UCD/ibm-odm-source-config/
https://community.ibm.com/community/user/wasdevops/blogs/laurel-dickson-bull1/2022/06/13/install-plugins#ucd,NO,,https://community.ibm.com/community/user/wasdevops/blogs/laurel-dickson-bull1/2022/06/13/install-plugins#ucd
https://developer.ibm.com/urbancode/wp-content/uploads/sites/16/2016/09/snip13-300x178.png,NO,,snip13-300x178.png
http://www.urbancode.com24.png,NO,,24.png
http://www.ibm.com/support/knowledgecenter/SS4GSP_6.2.1/com.ibm.udeploy.admin.doc/topics/settings_plugins.html,NO,,http://www.ibm.com/support/knowledgecenter/SS4GSP_6.2.1/com.ibm.udeploy.admin.doc/topics/settings_plugins.html
https://urbancode.github.io/IBM-UCx-PLUGIN-DOCS/UCD/WebSphereConfiguration/usage.html,NO,,https://urbancode.github.io/IBM-UCx-PLUGIN-DOCS/UCD/WebSphereConfiguration/usage.html
https://www.urbancode.com/2017/05/18/iib-integration-urbancode-deploy/29-3/,NO,,https://www.urbancode.com/2017/05/18/iib-integration-urbancode-deploy/29-3/
https://docs.docker.com/compose/,NO,,https://docs.docker.com/compose/
http://www.urbancode.com22.png,NO,,22.png
https://developer.ibm.com/urbancode/docs/tokenizing-values-in-snippet-files/,NO,,https://developer.ibm.com/urbancode/docs/tokenizing-values-in-snippet-files/
https://www.ibm.com/support/knowledgecenter/SS4GSP_6.2.4/com.ibm.udeploy.doc/topics/app_process_multiple_comps.html,NO,,https://www.ibm.com/support/knowledgecenter/SS4GSP_6.2.4/com.ibm.udeploy.doc/topics/app_process_multiple_comps.html
https://developer.ibm.com/urbancode/plugindoc/ibmucd/ibm-operational-decision-manager-source-config/docs/,NO,,https://developer.ibm.com/urbancode/plugindoc/ibmucd/ibm-operational-decision-manager-source-config/docs/
http://www.ibm.com/connect/ibm/us/en/,NO,,http://www.ibm.com/connect/ibm/us/en/
http://www.urbancode.com17-1024x474.png,NO,,17-1024x474.png
https://youtu.be/2LnyWEOMt5g,NO,,https://youtu.be/2LnyWEOMt5g
https://github.com/ibm-datapower/datapower-configuration-manager/wiki/dcm:deployment-policy-element#modify-property,NO,,https://github.com/ibm-datapower/datapower-configuration-manager/wiki/dcm:deployment-policy-element#modify-property
https://developer.ibm.com/urbancode/plugindoc/ibmucd/salesforce/1-2/steps/#deploy,NO,,https://developer.ibm.com/urbancode/plugindoc/ibmucd/salesforce/1-2/steps/#deploy
https://www.urbancode.com/2017/05/18/iib-integration-urbancode-deploy/21-3/,NO,,https://www.urbancode.com/2017/05/18/iib-integration-urbancode-deploy/21-3/
http://www.urbancode.comrelease_management_service_now14.png,NO,,release_management_service_now14.png
https://hub.jazz.net/project/pquiring/ucddockerplugins/overview#https://hub.jazz.net/git/pquiring%252Fucddockerplugins/contents/master/release/com.ibm.rational.plugin.source.docker.zip,NO,,https://hub.jazz.net/project/pquiring/ucddockerplugins/overview#https://hub.jazz.net/git/pquiring%252Fucddockerplugins/contents/master/release/com.ibm.rational.plugin.source.docker.zip
https://developer.ibm.com/urbancode/wp-content/uploads/sites/16/2016/09/snip30-300x181.png,NO,,snip30-300x181.png
https://meetmurad.files.wordpress.com/2016/02/microservices.png?w=2048,NO,,https://meetmurad.files.wordpress.com/2016/02/microservices.png?w=2048
https://www.ibm.com/support/knowledgecenter/SSAW57_8.5.5/com.ibm.websphere.nd.multiplatform.doc/ae/rxml_backupconfig.html,NO,,https://www.ibm.com/support/knowledgecenter/SSAW57_8.5.5/com.ibm.websphere.nd.multiplatform.doc/ae/rxml_backupconfig.html
http://www.urbancode.comvirtualhost.jpg,NO,,virtualhost.jpg
https://developer.ibm.com/urbancode/wp-content/uploads/sites/16/2016/09/snip25-300x270.png,NO,,snip25-300x270.png
https://developer.ibm.com/urbancode/wp-content/uploads/sites/16/2016/09/snip22-300x287.png,NO,,snip22-300x287.png
https://developer.ibm.com/urbancode/docs/running-urbancode-deploy-container-kubernetes/,NO,,https://developer.ibm.com/urbancode/docs/running-urbancode-deploy-container-kubernetes/
https://jazz.net/downloads/rational-team-concert/releases/6.0?p=allDownloads,NO,,https://jazz.net/downloads/rational-team-concert/releases/6.0?p=allDownloads
https://en.wikipedia.org/wiki/Docker_(software),NO,,https://en.wikipedia.org/wiki/Docker_(software)
https://www.urbancode.com/2017/05/18/iib-integration-urbancode-deploy/27-3/,NO,,https://www.urbancode.com/2017/05/18/iib-integration-urbancode-deploy/27-3/
https://youtu.be/O8aEhV8lXbI,NO,,https://youtu.be/O8aEhV8lXbI
http://www.urbancode.com2017/08/datapowercomponent.png,NO,,datapowercomponent.png
https://www.datadoghq.com/docker-adoption/,NO,,https://www.datadoghq.com/docker-adoption/
https://developer.ibm.com/urbancode/wp-content/uploads/sites/16/2016/09/snip19.png,NO,,snip19.png
https://developer.ibm.com/urbancode/wp-content/uploads/sites/16/2016/09/snip37.png,NO,,snip37.png
https://developer.ibm.com/integration/blog/2014/06/23/how-to-automate-ibm-integration-bus-deployments-using-ibm-urbancode-deploy-and-chef/,NO,,https://developer.ibm.com/integration/blog/2014/06/23/how-to-automate-ibm-integration-bus-deployments-using-ibm-urbancode-deploy-and-chef/
https://www.ibm.com/products/ibm-engineering-workflow-management,NO,,https://www.ibm.com/products/ibm-engineering-workflow-management
https://docs.docker.com/compose/wordpress/,NO,,https://docs.docker.com/compose/wordpress/
https://www.urbancode.com/docs/docker/,NO,,https://www.urbancode.com/docs/docker/
http://www.urbancode.comconfigured-custom-change-request-3.png,NO,,configured-custom-change-request-3.png
https://urbancode.github.io/IBM-UCx-PLUGIN-DOCS/UCD/WebSphereConfiguration/example%20processes.html#websphere--example-10--discover--templatize-server-configuration-data,NO,,https://urbancode.github.io/IBM-UCx-PLUGIN-DOCS/UCD/WebSphereConfiguration/example%20processes.html#websphere--example-10--discover--templatize-server-configuration-data
https://developer.ibm.com/urbancode/wp-content/uploads/sites/16/2016/09/snip05-300x158.png,NO,,snip05-300x158.png
https://www.urbancode.com/2017/05/18/iib-integration-urbancode-deploy/33-3/,NO,,https://www.urbancode.com/2017/05/18/iib-integration-urbancode-deploy/33-3/
https://meetmurad.files.wordpress.com/2016/02/untitled7.gif,NO,,https://meetmurad.files.wordpress.com/2016/02/untitled7.gif
https://developer.ibm.com/urbancode/wp-content/uploads/sites/16/2016/09/snip35-300x188.png,NO,,snip35-300x188.png
https://developer.ibm.com/urbancode/wp-content/uploads/sites/16/2016/09/snip15.png,NO,,snip15.png
https://community.ibm.com/community/user/wasdevops/blogs/osman-burucu/2022/07/06/applying-and-removing-partial-configurations,NO,,https://community.ibm.com/community/user/wasdevops/blogs/osman-burucu/2022/07/06/applying-and-removing-partial-configurations
https://developer.ibm.com/urbancode/wp-content/uploads/sites/16/2016/09/snip24-260x300.png,NO,,snip24-260x300.png
http://www.urbancode.com33-1024x609.png,NO,,33-1024x609.png
https://www.ibm.com/support/knowledgecenter/SS4GSP_6.2.3/com.ibm.udeploy.doc/topics/resources_import_was.html,NO,,https://www.ibm.com/support/knowledgecenter/SS4GSP_6.2.3/com.ibm.udeploy.doc/topics/resources_import_was.html
https://developer.ibm.com/urbancode/wp-content/uploads/sites/16/2016/09/snip25.png,NO,,snip25.png
https://developer.ibm.com/urbancode/wp-content/uploads/sites/16/2016/09/snip14-300x263.png,NO,,snip14-300x263.png
https://developer.ibm.com/urbancode/wp-content/uploads/sites/16/2016/09/snip04-300x36.png,NO,,snip04-300x36.png
http://developer.ibm.com/urbancode/docs/creating-components-for-use-with-the-websphere-application-server-configure-plug-in/,NO,,http://developer.ibm.com/urbancode/docs/creating-components-for-use-with-the-websphere-application-server-configure-plug-in/
http://www.urbancode.comrelease_management_service_now1.png,NO,,release_management_service_now1.png
https://jazz.net/downloads/rational-team-concert,NO,,https://jazz.net/downloads/rational-team-concert
http://www.urbancode.comrelease_management_service_now12.png,NO,,release_management_service_now12.png
https://www.urbancode.com/plugindoc/websphere-application-server-configure#websphere_configuration_partial_apply,NO,,https://www.urbancode.com/plugindoc/websphere-application-server-configure#websphere_configuration_partial_apply
http://www.urbancode.comrelease_management_service_now11.png,NO,,release_management_service_now11.png
https://www.urbancode.com/2017/05/18/iib-integration-urbancode-deploy/15-3/,NO,,https://www.urbancode.com/2017/05/18/iib-integration-urbancode-deploy/15-3/
https://developer.ibm.com/urbancode/wp-content/uploads/sites/16/2016/09/snip06-300x149.png,NO,,snip06-300x149.png
http://www.urbancode.com15-1024x677.png,NO,,15-1024x677.png
https://urbancode.github.io/IBM-UCx-PLUGIN-DOCS/UCD/WebSphereConfiguration/steps-2/#websphere_configuration_discovery,NO,,https://urbancode.github.io/IBM-UCx-PLUGIN-DOCS/UCD/WebSphereConfiguration/steps-2/#websphere_configuration_discovery
https://www.urbancode.com/2017/05/18/iib-integration-urbancode-deploy/6-3/,NO,,https://www.urbancode.com/2017/05/18/iib-integration-urbancode-deploy/6-3/
https://developer.ibm.com/urbancode/wp-content/uploads/sites/16/2016/09/snip02.png,NO,,snip02.png
https://www.youtube.com/watch?v=GTNlqRkrwGs,NO,,https://www.youtube.com/watch?v=GTNlqRkrwGs
http://www.urbancode.comrelease_management_service_now7.png,NO,,release_management_service_now7.png
https://github.com/IBM-UrbanCode/Templates-UCD/blob/master/Kubernetes/Helm/HelmHelloWorldSampleApplication.json,NO,,https://github.com/IBM-UrbanCode/Templates-UCD/blob/master/Kubernetes/Helm/HelmHelloWorldSampleApplication.json
https://developer.ibm.com/urbancode/wp-content/uploads/sites/16/2016/09/snip27.png,NO,,snip27.png
https://developer.ibm.com/urbancode/wp-content/uploads/sites/16/2016/09/snip21.png,NO,,snip21.png
https://youtu.be/O8aEhV8lXbI[/embed,NO,,https://youtu.be/O8aEhV8lXbI[/embed
https://developer.ibm.com/urbancode/plugin/docker-2/,NO,,https://developer.ibm.com/urbancode/plugin/docker-2/
https://developer.ibm.com/urbancode/plugindoc/ibmucd/salesforce/1-2/steps/,NO,,https://developer.ibm.com/urbancode/plugindoc/ibmucd/salesforce/1-2/steps/
http://www.w3.org/2001/XMLSchema-instance"&gt,NO,,http://www.w3.org/2001/XMLSchema-instance"&gt
https://developer.ibm.com/urbancode/wp-content/uploads/sites/16/2016/09/snip37-300x136.png,NO,,snip37-300x136.png
https://developer.ibm.com/urbancode/2016/03/21/docker-deployments-for-the-enterprise/,NO,,https://developer.ibm.com/urbancode/2016/03/21/docker-deployments-for-the-enterprise/
https://www.urbancode.com/2017/05/18/iib-integration-urbancode-deploy/18-3/,NO,,https://www.urbancode.com/2017/05/18/iib-integration-urbancode-deploy/18-3/
http://www.urbancode.comrelease_management_service_now4.png,NO,,release_management_service_now4.png
http://www-01.ibm.com/support/knowledgecenter/SSCP65/welcome,NO,,http://www-01.ibm.com/support/knowledgecenter/SSCP65/welcome
http://www.urbancode.com10.png,NO,,10.png
https://hub.jazz.net/project/pquiring/ucddockerplugins/commit/2c0db5f8b0f16104737edb676fa6b528d4884591,NO,,https://hub.jazz.net/project/pquiring/ucddockerplugins/commit/2c0db5f8b0f16104737edb676fa6b528d4884591
https://www.urbancode.com/2017/05/18/iib-integration-urbancode-deploy/14-3/,NO,,https://www.urbancode.com/2017/05/18/iib-integration-urbancode-deploy/14-3/
https://en.wikipedia.org/wiki/Microservices,NO,,https://en.wikipedia.org/wiki/Microservices
https://www.ibm.com/support/knowledgecenter/en/SS4GSP_6.2.0/com.ibm.udeploy.doc/topics/arch_codestation.html,NO,,https://www.ibm.com/support/knowledgecenter/en/SS4GSP_6.2.0/com.ibm.udeploy.doc/topics/arch_codestation.html
https://www.youtube.com/embed/hfftoBN9yXA,NO,,https://www.youtube.com/embed/hfftoBN9yXA
https://www.google.com/search?q=microservices+complexity,NO,,https://www.google.com/search?q=microservices+complexity
https://urbancode.github.io/IBM-UCx-PLUGIN-DOCS/UCD/zos-multi-generate-artifact-info/,NO,,https://urbancode.github.io/IBM-UCx-PLUGIN-DOCS/UCD/zos-multi-generate-artifact-info/
https://developer.ibm.com/urbancode/products/urbancode-release/features/urbancode-release-pipeline-visualization/,NO,,https://developer.ibm.com/urbancode/products/urbancode-release/features/urbancode-release-pipeline-visualization/
https://www.urbancode.com/2017/05/18/iib-integration-urbancode-deploy/23-3/,NO,,https://www.urbancode.com/2017/05/18/iib-integration-urbancode-deploy/23-3/
http://www-01.ibm.com/support/knowledgecenter/SSFTN5/welcome,NO,,http://www-01.ibm.com/support/knowledgecenter/SSFTN5/welcome
https://www.urbancode.com/2017/05/18/iib-integration-urbancode-deploy/19-3/,NO,,https://www.urbancode.com/2017/05/18/iib-integration-urbancode-deploy/19-3/
https://developer.ibm.com/urbancode/wp-content/uploads/sites/16/2016/09/snip08.png,NO,,snip08.png
https://github.com/ibm-datapower/datapower-configuration-manager/issues,NO,,https://github.com/ibm-datapower/datapower-configuration-manager/issues
http://www.urbancode.com32.png,NO,,32.png
https://meetmurad.files.wordpress.com/2016/02/untitled5.gif,NO,,https://meetmurad.files.wordpress.com/2016/02/untitled5.gif
https://developer.ibm.com/urbancode/plugin/salesforce/,NO,,https://developer.ibm.com/urbancode/plugin/salesforce/
https://developer.ibm.com/urbancode/wp-content/uploads/sites/16/2016/09/snip06.png,NO,,snip06.png
https://urbancode.github.io/IBM-UCx-PLUGIN-DOCS/UCD/openshift/,NO,,https://urbancode.github.io/IBM-UCx-PLUGIN-DOCS/UCD/openshift/
http://www-01.ibm.com/support/knowledgecenter/SS4GSP_6.2.0/com.ibm.udeploy.doc/topics/comp_create_filesystem_versioned.html?lang=en-us,NO,,http://www-01.ibm.com/support/knowledgecenter/SS4GSP_6.2.0/com.ibm.udeploy.doc/topics/comp_create_filesystem_versioned.html?lang=en-us
dev.example.com/PSCell1/Nodes/Node1/Servers/server1/,NO,,dev.example.com/PSCell1/Nodes/Node1/Servers/server1/
https://community.ibm.com/community/user/wasdevops/urbancode-blogs,NO,,https://community.ibm.com/community/user/wasdevops/urbancode-blogs
https://developer.ibm.com/urbancode/wp-content/uploads/sites/16/2016/09/snip15-300x246.png,NO,,snip15-300x246.png
https://developer.ibm.com/urbancode/wp-content/uploads/sites/16/2016/09/snip22.png,NO,,snip22.png
https://developer.ibm.com/urbancode/wp-content/uploads/sites/16/2016/09/snip07.png,NO,,snip07.png
http://www.urbancode.com2017/08/menudrawer.png,NO,,menudrawer.png
https://developer.ibm.com/urbancode/wp-content/uploads/sites/16/2016/09/snip09.png,NO,,snip09.png
https://developer.ibm.com/urbancode/wp-content/uploads/sites/16/2016/09/snip34-300x115.png,NO,,snip34-300x115.png
https://urbancode.github.io/IBM-UCx-PLUGIN-DOCS/UCD/Websphere/,NO,,https://urbancode.github.io/IBM-UCx-PLUGIN-DOCS/UCD/Websphere/
https://developer.ibm.com/urbancode/products/urbancode-deploy-with-patterns/,NO,,https://developer.ibm.com/urbancode/products/urbancode-deploy-with-patterns/
http://www.urbancode.com2016/10/artifacts.jpg,NO,,2016/10/artifacts.jpg
https://developer.ibm.com/urbancode/wp-content/uploads/sites/16/2016/09/snip38-300x224.png,NO,,snip38-300x224.png
https://www.ibm.com/support/knowledgecenter/en/SSMKHH_10.0.0/com.ibm.etools.mft.doc/an07250_.htm,NO,,https://www.ibm.com/support/knowledgecenter/en/SSMKHH_10.0.0/com.ibm.etools.mft.doc/an07250_.htm
https://developer.ibm.com/urbancode/wp-content/uploads/sites/16/2016/09/snip17.png,NO,,snip17.png
https://helm.sh,NO,,https://helm.sh
http://www.urbancode.com9.png,NO,,9.png
https://developer.ibm.com/urbancode/wp-content/uploads/sites/16/2016/09/snip40-300x248.png,NO,,snip40-300x248.png
https://meetmurad.files.wordpress.com/2016/02/untitled9.gif,NO,,https://meetmurad.files.wordpress.com/2016/02/untitled9.gif
https://developer.ibm.com/urbancode/wp-content/uploads/sites/16/2016/09/snip09-300x185.png,NO,,snip09-300x185.png
http://www.urbancode.comcellconfig.jpg,NO,,cellconfig.jpg
http://www.urbancode.comscreen-shot-2017-02-09-at-3.41.34-pm.png,NO,,screen-shot-2017-02-09-at-3.41.34-pm.png
http://www.urbancode.com18-1024x713.png,NO,,18-1024x713.png
http://www.urbancode.com6-1024x686.png,NO,,6-1024x686.png
https://github.com/ibm-datapower/datapower-configuration-manager/wiki/dcm:deployment-policy-element#black-list,NO,,https://github.com/ibm-datapower/datapower-configuration-manager/wiki/dcm:deployment-policy-element#black-list
https://www.urbancode.com/resource/general-tips-for-containers/,NO,,https://www.urbancode.com/resource/general-tips-for-containers/
https://github.com/ibm-datapower/datapower-configuration-manager/wiki/dcm:deployment-policy-element#delete-property,NO,,https://github.com/ibm-datapower/datapower-configuration-manager/wiki/dcm:deployment-policy-element#delete-property
http://www.urbancode.comrelease_management_service_now5.png,NO,,release_management_service_now5.png
https://developer.ibm.com/urbancode/plugindoc/ibmucd/salesforce/1-2/usage/example-deploy-recent-validation-id/,NO,,https://developer.ibm.com/urbancode/plugindoc/ibmucd/salesforce/1-2/usage/example-deploy-recent-validation-id/
https://meetmurad.files.wordpress.com/2016/02/kvmversuslxc.png?w=600,NO,,https://meetmurad.files.wordpress.com/2016/02/kvmversuslxc.png?w=600
https://www.ibm.com/support/knowledgecenter/SS4GSP_6.2.4/com.ibm.udeploy.doc/topics/comp_create_git.html,NO,,https://www.ibm.com/support/knowledgecenter/SS4GSP_6.2.4/com.ibm.udeploy.doc/topics/comp_create_git.html
file_format,NO,,file_format
https://github.com/ibm-datapower/datapower-configuration-manager/wiki/dcm:deployment-policy-property-identification,NO,,https://github.com/ibm-datapower/datapower-configuration-manager/wiki/dcm:deployment-policy-property-identification
https://developer.ibm.com/urbancode/plugin/websphere-message-broker-cmp-ibmucd-2/,NO,,https://developer.ibm.com/urbancode/plugin/websphere-message-broker-cmp-ibmucd-2/
http://www.urbancode.com2017/08/datapowerversions-1.png,NO,,datapowerversions-1.png
http://www.urbancode.com21-1024x606.png,NO,,21-1024x606.png
https://developer.ibm.com/urbancode/wp-content/uploads/sites/16/2016/09/snip04.png,NO,,snip04.png
https://developer.ibm.com/urbancode/wp-content/uploads/sites/16/2016/09/snip05.png,NO,,snip05.png
http://hub.docker.com,NO,,http://hub.docker.com
https://developer.ibm.com/urbancode/wp-content/uploads/sites/16/2016/09/snip28.png,NO,,snip28.png
http://mesos.apache.org/,NO,,http://mesos.apache.org/
https://meetmurad.files.wordpress.com/2016/02/untitled10.gif,NO,,https://meetmurad.files.wordpress.com/2016/02/untitled10.gif
https://developer.ibm.com/urbancode/wp-content/uploads/sites/16/2016/09/snip01-300x167.png,NO,,snip01-300x167.png
http://www.urbancode.comrelease_management_service_now13.png,NO,,release_management_service_now13.png
https://www.urbancode.com/2017/05/18/iib-integration-urbancode-deploy/25-3/,NO,,https://www.urbancode.com/2017/05/18/iib-integration-urbancode-deploy/25-3/
https://www.ibm.com/docs/en/elm/7.0.3?topic=items-building,NO,,https://www.ibm.com/docs/en/elm/7.0.3?topic=items-building
https://en.wikipedia.org/wiki/Operating-system-level_virtualization,NO,,https://en.wikipedia.org/wiki/Operating-system-level_virtualization
https://developer.ibm.com/urbancode/plugin/websphere-datapower-configuration-manager/,NO,,https://developer.ibm.com/urbancode/plugin/websphere-datapower-configuration-manager/
https://www.urbancode.com/plugin/artifactory-source-config/,NO,,https://www.urbancode.com/plugin/artifactory-source-config/
http://www.urbancode.com16-1024x490.png,NO,,16-1024x490.png
https://developer.ibm.com/urbancode/wp-content/uploads/sites/16/2016/09/snip31-300x190.png,NO,,snip31-300x190.png
http://developer.ibm.com/urbancode/docs/managing-websphere-application-server-configurations-using-json-files/#adding_server_cluster,NO,,http://developer.ibm.com/urbancode/docs/managing-websphere-application-server-configurations-using-json-files/#adding_server_cluster
https://www.servicenow.com/,NO,,https://www.servicenow.com/
http://www-01.ibm.com/support/knowledgecenter/SS4GSP/ucd_welcome.html,NO,,http://www-01.ibm.com/support/knowledgecenter/SS4GSP/ucd_welcome.html
https://www.urbancode.com/2017/05/18/iib-integration-urbancode-deploy/8-2/,NO,,https://www.urbancode.com/2017/05/18/iib-integration-urbancode-deploy/8-2/
http://www.urbancode.com8-1024x675.png,NO,,8-1024x675.png
https://www.urbancode.com/2017/05/18/iib-integration-urbancode-deploy/17-3/,NO,,https://www.urbancode.com/2017/05/18/iib-integration-urbancode-deploy/17-3/
http://www.urbancode.com13.png,NO,,13.png
http://www.urbancode.com20-1024x1174.png,NO,,20-1024x1174.png
https://developer.ibm.com/urbancode/plugins/ibm-urbancode-deploy/#filter=source-config-plugin,NO,,https://developer.ibm.com/urbancode/plugins/ibm-urbancode-deploy/#filter=source-config-plugin
https://developer.ibm.com/urbancode/wp-content/uploads/sites/16/2016/09/snip11.png,NO,,snip11.png
https://www.urbancode.com/docs/kubernetes-helm/,NO,,https://www.urbancode.com/docs/kubernetes-helm/
https://www.ibm.com/support/knowledgecenter/en/SSMKHH_10.0.0/com.ibm.etools.mft.doc/an09140_.htm#an09140_.ide_07__int_server_props,NO,,https://www.ibm.com/support/knowledgecenter/en/SSMKHH_10.0.0/com.ibm.etools.mft.doc/an09140_.htm#an09140_.ide_07__int_server_props
http://www.urbancode.comclusterconfig.jpg,NO,,clusterconfig.jpg
https://urbancode.github.io/IBM-UCx-PLUGIN-DOCS/UCD/DockerSourceConfig/,NO,,https://urbancode.github.io/IBM-UCx-PLUGIN-DOCS/UCD/DockerSourceConfig/
https://developer.ibm.com/urbancode/docs/creating-configuration-snippets/,NO,,https://developer.ibm.com/urbancode/docs/creating-configuration-snippets/
http://www.urbancode.comclosed-ticket.png,NO,,closed-ticket.png
https://www.ibm.com/support/knowledgecenter/SSMKHH_9.0.0/com.ibm.etools.mft.doc/an09150_.htm,NO,,https://www.ibm.com/support/knowledgecenter/SSMKHH_9.0.0/com.ibm.etools.mft.doc/an09150_.htm
https://urbancode.github.io/IBM-UCx-PLUGIN-DOCS/UCD/WebSphereConfiguration/example-processes/websphere-example-8-discover-templatize-cell-configuration-data/,NO,,https://urbancode.github.io/IBM-UCx-PLUGIN-DOCS/UCD/WebSphereConfiguration/example-processes/websphere-example-8-discover-templatize-cell-configuration-data/
https://developer.ibm.com/urbancode/wp-content/uploads/sites/16/2016/09/snip16.png,NO,,snip16.png
http://www.urbancode.com12.png,NO,,12.png
https://www.urbancode.com/2017/05/18/iib-integration-urbancode-deploy/26-2/,NO,,https://www.urbancode.com/2017/05/18/iib-integration-urbancode-deploy/26-2/
https://urbancode.github.io/IBM-UCx-PLUGIN-DOCS/UCD/ibm-rational-team-concert-build/,NO,,https://urbancode.github.io/IBM-UCx-PLUGIN-DOCS/UCD/ibm-rational-team-concert-build/
https://github.com/ibm-datapower/datapower-configuration-manager/wiki/dcm:upload-element,NO,,https://github.com/ibm-datapower/datapower-configuration-manager/wiki/dcm:upload-element
https://developer.ibm.com/urbancode/wp-content/uploads/sites/16/2016/09/snip10.png,NO,,snip10.png
https://developer.ibm.com/urbancode/wp-content/uploads/sites/16/2016/09/snip17-300x155.png,NO,,snip17-300x155.png
https://urbancode.github.io/IBM-UCx-PLUGIN-DOCS/UCD/WebSphereConfiguration/example-processes/websphere-example-2-discover-templatize-configuration-data-was-nd-with-standalone-server/,NO,,https://urbancode.github.io/IBM-UCx-PLUGIN-DOCS/UCD/WebSphereConfiguration/example-processes/websphere-example-2-discover-templatize-configuration-data-was-nd-with-standalone-server/
http://www-01.ibm.com/software/info/bpm/what-is-bpm/,NO,,http://www-01.ibm.com/software/info/bpm/what-is-bpm/
http://www.urbancode.com/PluginServerXMLSchema_v1,NO,,/PluginServerXMLSchema_v1
https://ibm.box.com/shared/static/ozi98wuhh94enohped573q2hral5cpac.yml,NO,,https://ibm.box.com/shared/static/ozi98wuhh94enohped573q2hral5cpac.yml
http://www.slideshare.net/Urbancode/urban-code-deployanddockercontainersconnectthedots,NO,,http://www.slideshare.net/Urbancode/urban-code-deployanddockercontainersconnectthedots
https://hub.jazz.net/project/pquiring/ucddockerplugins/overview,NO,,https://hub.jazz.net/project/pquiring/ucddockerplugins/overview
https://urbancode.github.io/IBM-UCx-PLUGIN-DOCS/UCD/WebSphereMessageBroker-CMP/#tab-steps,NO,,https://urbancode.github.io/IBM-UCx-PLUGIN-DOCS/UCD/WebSphereMessageBroker-CMP/#tab-steps
https://developer.ibm.com/urbancode/wp-content/uploads/sites/16/2016/09/snip26-300x287.png,NO,,snip26-300x287.png
http://www.urbancode.com35.png,NO,,35.png
https://developer.ibm.com/urbancode/wp-content/uploads/sites/16/2016/09/snip38.png,NO,,snip38.png
https://developer.ibm.com/urbancode/wp-content/uploads/sites/16/2016/09/snip26.png,NO,,snip26.png
http://www.urbancode.com14-1024x434.png,NO,,14-1024x434.png
http://www-03.ibm.com/software/products/en/integration-designer,NO,,http://www-03.ibm.com/software/products/en/integration-designer
http://www-03.ibm.com/software/products/en/business-process-manager-advanced,NO,,http://www-03.ibm.com/software/products/en/business-process-manager-advanced
http://www.urbancode.comscreen-shot-2017-02-22-at-1.35.51-pm.png,NO,,screen-shot-2017-02-22-at-1.35.51-pm.png
https://meetmurad.files.wordpress.com/2016/02/untitled4.gif?w=2048,NO,,https://meetmurad.files.wordpress.com/2016/02/untitled4.gif?w=2048
http://www.urbancode.com19.png,NO,,19.png
